﻿"Date","Time","Time zone","Name","Type","Status","Currency","Gross","Fee","Net","From Email Address","To Email Address","Transaction ID","Shipping Address","Address Status","Item Title","Item ID","Postage and Packaging Amount","Insurance Amount","VAT","Option 1 Name","Option 1 Value","Option 2 Name","Option 2 Value","Reference Txn ID","Invoice Number","Custom Number","Quantity","Receipt ID","Balance","Address Line 1","Address Line 2/District/Neighbourhood","Town/City","County","Postcode","Country","Contact Phone Number","Subject","Note","Country Code","Balance Impact"
"01/09/2022","05:17:08","PDT","Flexi Flue Direct","Express Checkout Payment","Completed","GBP","-243.58","0.00","-243.58","paypal@eh7.co.uk","info@flexifluedirect.com","7GR808710M1508412","12 Bellevue Grive, Edinburgh, Edinburgh, EH7 4DD, United Kingdom","Confirmed","5"" Ultraflex 316/316 Flexible Flue Liner, 5"" Top Plate, 5"" Top Clamp, 5"" Top Sleeve Rain Cap, 5"" Register Plate Adaptor","","0.00","","40.60","","","","","","000012548","","12","","-243.58","12 Bellevue Grive","","Edinburgh","Edinburgh","EH7 4DD","United Kingdom","07792 543 103","5"" Ultraflex 316/316 Flexible Flue Liner","","GB","Debit"
"03/09/2022","03:32:04","PDT","SPIKED LTD","Subscription Payment","Completed","GBP","-5.00","0.00","-5.00","paypal@eh7.co.uk","worldpay@spiked-online.com","31461588S3132190N","12 Bellevue Grove, Edinburgh, Edinburgh City, EH7 4DD, United Kingdom","Confirmed","Spiked Donation","","0.00","","0.00","","","","","I-4RDA7Y5756SD","","","1","","-248.58","12 Bellevue Grove","","Edinburgh","Edinburgh City","EH7 4DD","United Kingdom","","Spiked Donation","","GB","Debit"
"05/09/2022","01:29:11","PDT","Namecheap, Inc","Express Checkout Payment","Completed","USD","-19.16","0.00","-19.16","paypal@eh7.co.uk","payments@namecheap.com","01590578NT902153L","","Unconfirmed","glenshee.info, glenshee.info","","0.00","","0.00","","","","","","GAVINFRANCISZZZZE62BF8B56D184457B51D62947F2ACF3D","","2","","-19.16","","","","","","","+44 1314665220","Domain Renewal (glenshee.info)Domain Privacy","","","Debit"
"05/09/2022","01:29:11","PDT","","General Currency Conversion","Completed","GBP","-17.37","0.00","-17.37","paypal@eh7.co.uk","","0G948676SV999872D","","","glenshee.info, glenshee.info","","0.00","","0.00","","","","","01590578NT902153L","GAVINFRANCISZZZZE62BF8B56D184457B51D62947F2ACF3D","","2","","-265.95","","","","","","","+44 1314665220","glenshee.info","","","Debit"
"05/09/2022","01:29:11","PDT","","General Currency Conversion","Completed","USD","19.16","0.00","19.16","","paypal@eh7.co.uk","63U50612VC389600Y","","","glenshee.info, glenshee.info","","0.00","","0.00","","","","","01590578NT902153L","GAVINFRANCISZZZZE62BF8B56D184457B51D62947F2ACF3D","","2","","0.00","","","","","","","+44 1314665220","glenshee.info","","","Credit"
"06/09/2022","02:15:06","PDT","eBay Commerce UK Ltd","Express Checkout Payment","Completed","GBP","-10.69","0.00","-10.69","paypal@eh7.co.uk","0103-uk-ecuk-fbo-gbp@ebay.com","96524841D53922347","12 Bellevue grove, Edinburgh, Edinburgh (City Of), EH7 4DD, United Kingdom","Confirmed","Purchase amount","","0.00","","0.00","","","","","7CH90319RR805320N","v2_c911a126-343b-4b0c-9b14-00de2557eef4_2_10","100021469169424","1","","-276.64","12 Bellevue grove","","Edinburgh","Edinburgh (City Of)","EH7 4DD","United Kingdom","","Purchase amount","Order number: 07-09068-85900","GB","Debit"
"06/09/2022","02:15:06","PDT","eBay Commerce UK Ltd","General Authorisation","Completed","GBP","-10.69","0.00","-10.69","paypal@eh7.co.uk","0103-uk-ecuk-fbo-gbp@ebay.com","7CH90319RR805320N","12 Bellevue grove, Edinburgh, Edinburgh (City Of), EH7 4DD, United Kingdom","Confirmed","Purchase amount","","0.00","","0.00","","","","","","a47b4763-964e-4ac5-9fba-e7c4655380f6","100021469169424","1","","-276.64","12 Bellevue grove","","Edinburgh","Edinburgh (City Of)","EH7 4DD","United Kingdom","","Purchase amount","","GB","Memo"
"07/09/2022","11:03:33","PDT","GitHub, Inc.","Pre-approved Payment Bill User Payment","Completed","USD","-4.00","0.00","-4.00","paypal@eh7.co.uk","ar@github.com","3WP38533JN3699807","","Unconfirmed","","","0.00","","0.00","","","","","B-8EW55283LW127833P","P-35440032","","1","","-4.00","","","","","","","","","","","Debit"
"07/09/2022","11:03:33","PDT","","General Currency Conversion","Completed","GBP","-3.63","0.00","-3.63","paypal@eh7.co.uk","","41720813EC0426845","","","","","0.00","","0.00","","","","","3WP38533JN3699807","P-35440032","","1","","-280.27","","","","","","","","","","","Debit"
"07/09/2022","11:03:33","PDT","","General Currency Conversion","Completed","USD","4.00","0.00","4.00","","paypal@eh7.co.uk","44B00969R0229091L","","","","","0.00","","0.00","","","","","3WP38533JN3699807","P-35440032","","1","","0.00","","","","","","","","","","","Credit"
"27/09/2022","19:59:51","PDT","IONOS CLOUD LIMITED","Pre-approved Payment Bill User Payment","Completed","GBP","-19.20","0.00","-19.20","paypal@eh7.co.uk","paypal@1and1.co.uk","5DJ574871P135050H","","Unconfirmed","K720343575/005118847794","","0.00","","0.00","","","","","B-8DW19327FR596253P","K720343575/005118847794","","1","","-299.47","","","","","","","+44 1314665220","K720343575/005118847794","","","Debit"
"28/09/2022","01:53:05","PDT","123-Reg Ltd","Pre-approved Payment Bill User Payment","Completed","GBP","-47.88","0.00","-47.88","paypal@eh7.co.uk","webfusion.finance@webfusion.com","6M904025BU930525U","","Unconfirmed","","","0.00","","0.00","","","","","B-23E11341TP013173B","","","1","","-347.35","","","","","","","","","","","Debit"
"03/10/2022","04:18:23","PDT","SPIKED LTD","Subscription Payment","Completed","GBP","-5.00","0.00","-5.00","paypal@eh7.co.uk","worldpay@spiked-online.com","23H97471YN764512N","12 Bellevue Grove, Edinburgh, Edinburgh City, EH7 4DD, United Kingdom","Confirmed","Spiked Donation","","0.00","","0.00","","","","","I-4RDA7Y5756SD","","","1","","-352.35","12 Bellevue Grove","","Edinburgh","Edinburgh City","EH7 4DD","United Kingdom","","Spiked Donation","","GB","Debit"
"07/10/2022","11:52:49","PDT","GitHub, Inc.","Pre-approved Payment Bill User Payment","Completed","USD","-4.00","0.00","-4.00","paypal@eh7.co.uk","ar@github.com","0K592048B05816630","","Unconfirmed","","","0.00","","0.00","","","","","B-8EW55283LW127833P","P-36665490","","1","","-4.00","","","","","","","","","","","Debit"
"07/10/2022","11:52:49","PDT","","General Currency Conversion","Completed","GBP","-3.75","0.00","-3.75","paypal@eh7.co.uk","","18P1494866484844N","","","","","0.00","","0.00","","","","","0K592048B05816630","P-36665490","","1","","-356.10","","","","","","","","","","","Debit"
"07/10/2022","11:52:49","PDT","","General Currency Conversion","Completed","USD","4.00","0.00","4.00","","paypal@eh7.co.uk","6F3386469X932740X","","","","","0.00","","0.00","","","","","0K592048B05816630","P-36665490","","1","","0.00","","","","","","","","","","","Credit"
"11/10/2022","02:12:21","PDT","eBay Commerce UK Ltd","Express Checkout Payment","Completed","GBP","-8.49","0.00","-8.49","paypal@eh7.co.uk","0103-uk-ecuk-fbo-gbp@ebay.com","9ED188864W443924T","12 Bellevue grove, Edinburgh, Edinburgh (City Of), EH7 4DD, United Kingdom","Confirmed","Purchase amount","","0.00","","0.00","","","","","39M55592D8606194N","v2_e92f2acc-69be-45a3-89a6-e040b89aed8a_2_21","100021678387813","1","","-364.59","12 Bellevue grove","","Edinburgh","Edinburgh (City Of)","EH7 4DD","United Kingdom","","Purchase amount","Order number: 24-09213-70843","GB","Debit"
"11/10/2022","02:12:21","PDT","eBay Commerce UK Ltd","General Authorisation","Completed","GBP","-8.49","0.00","-8.49","paypal@eh7.co.uk","0103-uk-ecuk-fbo-gbp@ebay.com","39M55592D8606194N","12 Bellevue grove, Edinburgh, Edinburgh (City Of), EH7 4DD, United Kingdom","Confirmed","Purchase amount","","0.00","","0.00","","","","","","74f1d908-c47c-4891-bfa1-33374122b883","100021678387813","1","","-364.59","12 Bellevue grove","","Edinburgh","Edinburgh (City Of)","EH7 4DD","United Kingdom","","Purchase amount","","GB","Memo"
"27/10/2022","18:36:18","PDT","IONOS CLOUD LIMITED","Pre-approved Payment Bill User Payment","Completed","GBP","-19.20","0.00","-19.20","paypal@eh7.co.uk","paypal@1and1.co.uk","60W803889J093311S","","Unconfirmed","K720343575/005437891962","","0.00","","0.00","","","","","B-8DW19327FR596253P","K720343575/005437891962","","1","","-383.79","","","","","","","+44 1314665220","K720343575/005437891962","","","Debit"
"28/10/2022","01:28:47","PDT","123-Reg Ltd","Pre-approved Payment Bill User Payment","Completed","GBP","-47.88","0.00","-47.88","paypal@eh7.co.uk","webfusion.finance@webfusion.com","63R357488M909235V","","Unconfirmed","","","0.00","","0.00","","","","","B-23E11341TP013173B","","","1","","-431.67","","","","","","","","","","","Debit"
"03/11/2022","03:38:24","PDT","SPIKED LTD","Subscription Payment","Completed","GBP","-5.00","0.00","-5.00","paypal@eh7.co.uk","worldpay@spiked-online.com","8PD78586TL812421W","12 Bellevue Grove, Edinburgh, Edinburgh City, EH7 4DD, United Kingdom","Confirmed","Spiked Donation","","0.00","","0.00","","","","","I-4RDA7Y5756SD","","","1","","-436.67","12 Bellevue Grove","","Edinburgh","Edinburgh City","EH7 4DD","United Kingdom","","Spiked Donation","","GB","Debit"
"05/11/2022","05:50:14","PDT","eBay Commerce UK Ltd","Express Checkout Payment","Completed","GBP","-15.34","0.00","-15.34","paypal@eh7.co.uk","0103-uk-ecuk-fbo-gbp@ebay.com","896684162H893484F","12 Bellevue grove, Edinburgh, Edinburgh (City Of), EH7 4DD, United Kingdom","Confirmed","Purchase amount","","0.00","","0.00","","","","","40W8244784876240A","v2_94eca798-54d6-41ba-bf77-f0aca13e8aeb_2_5","100021826531500","1","","-452.01","12 Bellevue grove","","Edinburgh","Edinburgh (City Of)","EH7 4DD","United Kingdom","","Purchase amount","Order number: 01-09305-55780","GB","Debit"
"05/11/2022","05:50:14","PDT","eBay Commerce UK Ltd","General Authorisation","Completed","GBP","-15.34","0.00","-15.34","paypal@eh7.co.uk","0103-uk-ecuk-fbo-gbp@ebay.com","40W8244784876240A","12 Bellevue grove, Edinburgh, Edinburgh (City Of), EH7 4DD, United Kingdom","Confirmed","Purchase amount","","0.00","","0.00","","","","","","a982b797-96b7-43a2-9acd-4c2e27c183bc","100021826531500","1","","-452.01","12 Bellevue grove","","Edinburgh","Edinburgh (City Of)","EH7 4DD","United Kingdom","","Purchase amount","","GB","Memo"
"07/11/2022","01:21:39","PST","Namecheap, Inc","Express Checkout Payment","Completed","USD","-14.76","0.00","-14.76","paypal@eh7.co.uk","payments@namecheap.com","65342796E81884518","","Unconfirmed","asianconcern.com, asianconcern.com","","0.00","","0.00","","","","","","GAVINFRANCISZZZZB8C3554035F045EEAE8B67DB6E1C6935","","2","","-14.76","","","","","","","+44 1314665220","Domain Renewal (asianconcern.com)Domain Privacy","","","Debit"
"07/11/2022","01:21:39","PST","","General Currency Conversion","Completed","GBP","-13.80","0.00","-13.80","paypal@eh7.co.uk","","17J00033HJ815393V","","","asianconcern.com, asianconcern.com","","0.00","","0.00","","","","","65342796E81884518","GAVINFRANCISZZZZB8C3554035F045EEAE8B67DB6E1C6935","","2","","-465.81","","","","","","","+44 1314665220","asianconcern.com","","","Debit"
"07/11/2022","01:21:39","PST","","General Currency Conversion","Completed","USD","14.76","0.00","14.76","","paypal@eh7.co.uk","2PH93028Y66617628","","","asianconcern.com, asianconcern.com","","0.00","","0.00","","","","","65342796E81884518","GAVINFRANCISZZZZB8C3554035F045EEAE8B67DB6E1C6935","","2","","0.00","","","","","","","+44 1314665220","asianconcern.com","","","Credit"
"07/11/2022","10:45:33","PST","GitHub, Inc.","Pre-approved Payment Bill User Payment","Completed","USD","-4.00","0.00","-4.00","paypal@eh7.co.uk","ar@github.com","02662891FM029325S","","Unconfirmed","","","0.00","","0.00","","","","","B-8EW55283LW127833P","P-37994020","","1","","-4.00","","","","","","","","","","","Debit"
"07/11/2022","10:45:33","PST","","General Currency Conversion","Completed","GBP","-3.69","0.00","-3.69","paypal@eh7.co.uk","","1E605055WC868445B","","","","","0.00","","0.00","","","","","02662891FM029325S","P-37994020","","1","","-469.50","","","","","","","","","","","Debit"
"07/11/2022","10:45:33","PST","","General Currency Conversion","Completed","USD","4.00","0.00","4.00","","paypal@eh7.co.uk","9W37569599084862T","","","","","0.00","","0.00","","","","","02662891FM029325S","P-37994020","","1","","0.00","","","","","","","","","","","Credit"
"13/11/2022","09:43:20","PST","eBay Commerce UK Ltd","Express Checkout Payment","Completed","GBP","-4.45","0.00","-4.45","paypal@eh7.co.uk","0103-uk-ecuk-fbo-gbp@ebay.com","58C37153UF654711B","12 Bellevue grove, Edinburgh, Edinburgh (City Of), EH7 4DD, United Kingdom","Confirmed","Purchase amount","","0.00","","0.00","","","","","7WV16836CR1949305","v2_44c7258a-5d90-4a14-bd9c-cd83c95cc71b_2_19","100021878292022","1","","-473.95","12 Bellevue grove","","Edinburgh","Edinburgh (City Of)","EH7 4DD","United Kingdom","","Purchase amount","Order number: 09-09336-23963","GB","Debit"
"13/11/2022","09:43:20","PST","eBay Commerce UK Ltd","General Authorisation","Completed","GBP","-4.45","0.00","-4.45","paypal@eh7.co.uk","0103-uk-ecuk-fbo-gbp@ebay.com","7WV16836CR1949305","12 Bellevue grove, Edinburgh, Edinburgh (City Of), EH7 4DD, United Kingdom","Confirmed","Purchase amount","","0.00","","0.00","","","","","","423317bc-7458-4aad-90ab-ce509e8ef15e","100021878292022","1","","-473.95","12 Bellevue grove","","Edinburgh","Edinburgh (City Of)","EH7 4DD","United Kingdom","","Purchase amount","","GB","Memo"
"27/11/2022","02:56:58","PST","123-Reg Ltd","Pre-approved Payment Bill User Payment","Completed","GBP","-47.88","0.00","-47.88","paypal@eh7.co.uk","webfusion.finance@webfusion.com","3AC16881KU908935P","","Unconfirmed","","","0.00","","0.00","","","","","B-23E11341TP013173B","","","1","","-521.83","","","","","","","","","","","Debit"
"27/11/2022","18:35:52","PST","IONOS CLOUD LIMITED","Pre-approved Payment Bill User Payment","Completed","GBP","-19.20","0.00","-19.20","paypal@eh7.co.uk","paypal@1and1.co.uk","8RX14676X7396061K","","Unconfirmed","K720343575/005099034747","","0.00","","0.00","","","","","B-8DW19327FR596253P","K720343575/005099034747","","1","","-541.03","","","","","","","+44 1314665220","K720343575/005099034747","","","Debit"
"03/12/2022","02:04:22","PST","SPIKED LTD","Subscription Payment","Completed","GBP","-5.00","0.00","-5.00","paypal@eh7.co.uk","worldpay@spiked-online.com","8JV144112B854100N","12 Bellevue Grove, Edinburgh, Edinburgh City, EH7 4DD, United Kingdom","Confirmed","Spiked Donation","","0.00","","0.00","","","","","I-4RDA7Y5756SD","","","1","","-546.03","12 Bellevue Grove","","Edinburgh","Edinburgh City","EH7 4DD","United Kingdom","","Spiked Donation","","GB","Debit"
"07/12/2022","10:56:45","PST","GitHub, Inc.","Pre-approved Payment Bill User Payment","Completed","USD","-4.00","0.00","-4.00","paypal@eh7.co.uk","ar@github.com","14R27483VA725420X","","Unconfirmed","","","0.00","","0.00","","","","","B-8EW55283LW127833P","P-39353022","","1","","-4.00","","","","","","","","","","","Debit"
"07/12/2022","10:56:45","PST","","General Currency Conversion","Completed","GBP","-3.44","0.00","-3.44","paypal@eh7.co.uk","","8BV301536S758684T","","","","","0.00","","0.00","","","","","14R27483VA725420X","P-39353022","","1","","-549.47","","","","","","","","","","","Debit"
"07/12/2022","10:56:45","PST","","General Currency Conversion","Completed","USD","4.00","0.00","4.00","","paypal@eh7.co.uk","74T38729JL2850006","","","","","0.00","","0.00","","","","","14R27483VA725420X","P-39353022","","1","","0.00","","","","","","","","","","","Credit"
"13/12/2022","10:59:32","PST","eBay Commerce UK Ltd","Express Checkout Payment","Completed","GBP","-2.47","0.00","-2.47","paypal@eh7.co.uk","0103-uk-ecuk-fbo-gbp@ebay.com","03460882HB018750S","12 Bellevue grove, Edinburgh, Edinburgh (City Of), EH7 4DD, United Kingdom","Confirmed","Purchase amount","","0.00","","0.00","","","","","5UD15996JB156120E","v2_e570852a-e2f6-461c-857c-3bd4db3b63ad_2_9","100022081122318","1","","-551.94","12 Bellevue grove","","Edinburgh","Edinburgh (City Of)","EH7 4DD","United Kingdom","","Purchase amount","Order number: 20-09463-09129","GB","Debit"
"13/12/2022","10:59:32","PST","eBay Commerce UK Ltd","General Authorisation","Completed","GBP","-2.47","0.00","-2.47","paypal@eh7.co.uk","0103-uk-ecuk-fbo-gbp@ebay.com","5UD15996JB156120E","12 Bellevue grove, Edinburgh, Edinburgh (City Of), EH7 4DD, United Kingdom","Confirmed","Purchase amount","","0.00","","0.00","","","","","","a4001360-7063-440a-944d-66bebaa22939","100022081122318","1","","-551.94","12 Bellevue grove","","Edinburgh","Edinburgh (City Of)","EH7 4DD","United Kingdom","","Purchase amount","","GB","Memo"
"15/12/2022","03:36:04","PST","eBay Commerce UK Ltd","Express Checkout Payment","Completed","GBP","-5.75","0.00","-5.75","paypal@eh7.co.uk","0103-uk-ecuk-fbo-gbp@ebay.com","33740277FW5938413","12 Bellevue grove, Edinburgh, Edinburgh (City Of), EH7 4DD, United Kingdom","Confirmed","Purchase amount","","0.00","","0.00","","","","","28B292243E368351R","v2_37f04799-82da-47c7-80fe-29243420057c_2_19","100022091597446","1","","-557.69","12 Bellevue grove","","Edinburgh","Edinburgh (City Of)","EH7 4DD","United Kingdom","","Purchase amount","Order number: 02-09476-84399","GB","Debit"
"15/12/2022","03:36:04","PST","eBay Commerce UK Ltd","General Authorisation","Completed","GBP","-5.75","0.00","-5.75","paypal@eh7.co.uk","0103-uk-ecuk-fbo-gbp@ebay.com","28B292243E368351R","12 Bellevue grove, Edinburgh, Edinburgh (City Of), EH7 4DD, United Kingdom","Confirmed","Purchase amount","","0.00","","0.00","","","","","","ed5e4fad-a125-4b90-ac9a-4f3b03433876","100022091597446","1","","-557.69","12 Bellevue grove","","Edinburgh","Edinburgh (City Of)","EH7 4DD","United Kingdom","","Purchase amount","","GB","Memo"
"22/12/2022","06:45:06","PST","eBay Commerce UK Ltd","Express Checkout Payment","Completed","GBP","-7.64","0.00","-7.64","paypal@eh7.co.uk","0103-uk-ecuk-fbo-gbp@ebay.com","0T010859P10720224","12 Bellevue grove, Edinburgh, Edinburgh (City Of), EH7 4DD, United Kingdom","Confirmed","Purchase amount","","0.00","","0.00","","","","","22U21469FP893962K","v2_88712cf2-cd4d-4935-a403-e1fd30f93fb0_2_4","100022129270181","1","","-565.33","12 Bellevue grove","","Edinburgh","Edinburgh (City Of)","EH7 4DD","United Kingdom","","Purchase amount","Order number: 26-09492-73579","GB","Debit"
"22/12/2022","06:45:06","PST","eBay Commerce UK Ltd","General Authorisation","Completed","GBP","-7.64","0.00","-7.64","paypal@eh7.co.uk","0103-uk-ecuk-fbo-gbp@ebay.com","22U21469FP893962K","12 Bellevue grove, Edinburgh, Edinburgh (City Of), EH7 4DD, United Kingdom","Confirmed","Purchase amount","","0.00","","0.00","","","","","","c2f7beb6-3e17-498b-b7e8-7dc3c7a5e4f7","100022129270181","1","","-565.33","12 Bellevue grove","","Edinburgh","Edinburgh (City Of)","EH7 4DD","United Kingdom","","Purchase amount","","GB","Memo"
"22/12/2022","06:47:19","PST","eBay Commerce UK Ltd","Express Checkout Payment","Completed","GBP","-63.97","0.00","-63.97","paypal@eh7.co.uk","0103-uk-ecuk-fbo-gbp@ebay.com","56W18883B1253171E","12 Bellevue grove, Edinburgh, Edinburgh (City Of), EH7 4DD, United Kingdom","Confirmed","Purchase amount","","0.00","","0.00","","","","","8FG285899M670841A","v2_1e08a5b3-18df-4846-92b6-45834e0bee6d_2_13","100022129634887","1","","-629.30","12 Bellevue grove","","Edinburgh","Edinburgh (City Of)","EH7 4DD","United Kingdom","","Purchase amount","Order number: 22-09494-44104","GB","Debit"
"22/12/2022","06:47:19","PST","eBay Commerce UK Ltd","General Authorisation","Completed","GBP","-63.97","0.00","-63.97","paypal@eh7.co.uk","0103-uk-ecuk-fbo-gbp@ebay.com","8FG285899M670841A","12 Bellevue grove, Edinburgh, Edinburgh (City Of), EH7 4DD, United Kingdom","Confirmed","Purchase amount","","0.00","","0.00","","","","","","5f3174dd-5d36-4109-b3f6-5c99b211ccd6","100022129634887","1","","-629.30","12 Bellevue grove","","Edinburgh","Edinburgh (City Of)","EH7 4DD","United Kingdom","","Purchase amount","","GB","Memo"
"27/12/2022","18:02:41","PST","IONOS CLOUD LIMITED","Pre-approved Payment Bill User Payment","Completed","GBP","-19.20","0.00","-19.20","paypal@eh7.co.uk","paypal@1and1.co.uk","6V732888PR3958125","","Unconfirmed","K720343575/005109267490","","0.00","","0.00","","","","","B-8DW19327FR596253P","K720343575/005109267490","","1","","-648.50","","","","","","","+44 1314665220","K720343575/005109267490","","","Debit"
"28/12/2022","03:31:44","PST","123-Reg Ltd","Pre-approved Payment Bill User Payment","Completed","GBP","-47.88","0.00","-47.88","paypal@eh7.co.uk","webfusion.finance@webfusion.com","5AR450441R4963440","","Unconfirmed","","","0.00","","0.00","","","","","B-23E11341TP013173B","","","1","","-696.38","","","","","","","","","","","Debit"
"03/01/2023","02:39:48","PST","SPIKED LTD","Subscription Payment","Completed","GBP","-5.00","0.00","-5.00","paypal@eh7.co.uk","worldpay@spiked-online.com","757043732X2094041","12 Bellevue Grove, Edinburgh, Edinburgh City, EH7 4DD, United Kingdom","Confirmed","Spiked Donation","","0.00","","0.00","","","","","I-4RDA7Y5756SD","","","1","","-701.38","12 Bellevue Grove","","Edinburgh","Edinburgh City","EH7 4DD","United Kingdom","","Spiked Donation","","GB","Debit"
"07/01/2023","10:43:53","PST","GitHub, Inc.","Pre-approved Payment Bill User Payment","Completed","USD","-4.00","0.00","-4.00","paypal@eh7.co.uk","ar@github.com","23N73007CU9747302","","Unconfirmed","","","0.00","","0.00","","","","","B-8EW55283LW127833P","P-40690215","","1","","-4.00","","","","","","","","","","","Debit"
"07/01/2023","10:43:53","PST","","General Currency Conversion","Completed","GBP","-3.52","0.00","-3.52","paypal@eh7.co.uk","","059981384M0192815","","","","","0.00","","0.00","","","","","23N73007CU9747302","P-40690215","","1","","-704.90","","","","","","","","","","","Debit"
"07/01/2023","10:43:53","PST","","General Currency Conversion","Completed","USD","4.00","0.00","4.00","","paypal@eh7.co.uk","7AT27903VJ5117446","","","","","0.00","","0.00","","","","","23N73007CU9747302","P-40690215","","1","","0.00","","","","","","","","","","","Credit"
"09/01/2023","09:40:38","PST","eBay Commerce UK Ltd","Express Checkout Payment","Completed","GBP","-3.99","0.00","-3.99","paypal@eh7.co.uk","0103-uk-ecuk-fbo-gbp@ebay.com","97B06001K0178230C","12 Bellevue grove, Edinburgh, Edinburgh (City Of), EH7 4DD, United Kingdom","Confirmed","Purchase amount","","0.00","","0.00","","","","","1Y016203YN606840F","v2_510a19b8-d1fd-4071-bcea-9055cebf67b8_2_7","100022230174173","1","","-708.89","12 Bellevue grove","","Edinburgh","Edinburgh (City Of)","EH7 4DD","United Kingdom","","Purchase amount","Order number: 22-09557-50981","GB","Debit"
"09/01/2023","09:40:38","PST","eBay Commerce UK Ltd","General Authorisation","Completed","GBP","-3.99","0.00","-3.99","paypal@eh7.co.uk","0103-uk-ecuk-fbo-gbp@ebay.com","1Y016203YN606840F","12 Bellevue grove, Edinburgh, Edinburgh (City Of), EH7 4DD, United Kingdom","Confirmed","Purchase amount","","0.00","","0.00","","","","","","473d9e9b-d2b3-4a96-b4b0-522b0d694431","100022230174173","1","","-708.89","12 Bellevue grove","","Edinburgh","Edinburgh (City Of)","EH7 4DD","United Kingdom","","Purchase amount","","GB","Memo"
"10/01/2023","08:52:06","PST","Namecheap, Inc","Express Checkout Payment","Completed","USD","-19.16","0.00","-19.16","paypal@eh7.co.uk","payments@namecheap.com","59Y090405K9779346","","Unconfirmed","21404301, glenshee.info, glenshee.info","","0.00","","0.00","","","","","","GAVINFRANCISZZZZ8E7925BD5D9549B29C6EDAB7CB0577E8","","3","","-19.16","","","","","","","+44 1314665220","Domain Privacy (for asianconcern.com)Domain Renewal (glenshee.info)Domain Privacy","","","Debit"
"10/01/2023","08:52:06","PST","","General Currency Conversion","Completed","GBP","-16.52","0.00","-16.52","paypal@eh7.co.uk","","6DP63539BM804051S","","","21404301, glenshee.info, glenshee.info","","0.00","","0.00","","","","","59Y090405K9779346","GAVINFRANCISZZZZ8E7925BD5D9549B29C6EDAB7CB0577E8","","3","","-725.41","","","","","","","+44 1314665220","21404301","","","Debit"
"10/01/2023","08:52:06","PST","","General Currency Conversion","Completed","USD","19.16","0.00","19.16","","paypal@eh7.co.uk","85R8438199996900E","","","21404301, glenshee.info, glenshee.info","","0.00","","0.00","","","","","59Y090405K9779346","GAVINFRANCISZZZZ8E7925BD5D9549B29C6EDAB7CB0577E8","","3","","0.00","","","","","","","+44 1314665220","21404301","","","Credit"
"11/01/2023","12:51:59","PST","eBay Commerce UK Ltd","Express Checkout Payment","Completed","GBP","-6.59","0.00","-6.59","paypal@eh7.co.uk","0103-uk-ecuk-fbo-gbp@ebay.com","5HJ6974772031764P","12 Bellevue grove, Edinburgh, Edinburgh (City Of), EH7 4DD, United Kingdom","Confirmed","Purchase amount","","0.00","","0.00","","","","","7K862291RP317830Y","v2_cd6e33ca-af70-47f9-9c64-891e4f091224_2_15","100022248652082","1","","-732.00","12 Bellevue grove","","Edinburgh","Edinburgh (City Of)","EH7 4DD","United Kingdom","","Purchase amount","Order number: 07-09572-40740","GB","Debit"
"11/01/2023","12:51:59","PST","eBay Commerce UK Ltd","General Authorisation","Completed","GBP","-6.59","0.00","-6.59","paypal@eh7.co.uk","0103-uk-ecuk-fbo-gbp@ebay.com","7K862291RP317830Y","12 Bellevue grove, Edinburgh, Edinburgh (City Of), EH7 4DD, United Kingdom","Confirmed","Purchase amount","","0.00","","0.00","","","","","","d797abbe-7383-4ae9-a0d5-0609a0f51a51","100022248652082","1","","-732.00","12 Bellevue grove","","Edinburgh","Edinburgh (City Of)","EH7 4DD","United Kingdom","","Purchase amount","","GB","Memo"
"17/01/2023","05:51:48","PST","eBay Commerce UK Ltd","Express Checkout Payment","Completed","GBP","-28.96","0.00","-28.96","paypal@eh7.co.uk","0103-uk-ecuk-fbo-gbp@ebay.com","9L354870BA006403W","12 Bellevue grove, Edinburgh, Edinburgh (City Of), EH7 4DD, United Kingdom","Confirmed","Purchase amount","","0.00","","0.00","","","","","3Y431406AY7991009","v2_fdee6947-c5bf-4c68-a12f-2b145e3fe6a5_2_10","100022279547886","1","","-760.96","12 Bellevue grove","","Edinburgh","Edinburgh (City Of)","EH7 4DD","United Kingdom","","Purchase amount","Order number: 20-09589-13959","GB","Debit"
"17/01/2023","05:51:48","PST","eBay Commerce UK Ltd","General Authorisation","Completed","GBP","-28.96","0.00","-28.96","paypal@eh7.co.uk","0103-uk-ecuk-fbo-gbp@ebay.com","3Y431406AY7991009","12 Bellevue grove, Edinburgh, Edinburgh (City Of), EH7 4DD, United Kingdom","Confirmed","Purchase amount","","0.00","","0.00","","","","","","73526280-cdd5-4faf-9170-20e6dab42ca2","100022279547886","1","","-760.96","12 Bellevue grove","","Edinburgh","Edinburgh (City Of)","EH7 4DD","United Kingdom","","Purchase amount","","GB","Memo"
"24/01/2023","04:06:49","PST","eBay Commerce UK Ltd","Express Checkout Payment","Completed","GBP","-5.94","0.00","-5.94","paypal@eh7.co.uk","0103-uk-ecuk-fbo-gbp@ebay.com","27129057E9936183M","12 Bellevue grove, Edinburgh, Edinburgh (City Of), EH7 4DD, United Kingdom","Confirmed","Purchase amount","","0.00","","0.00","","","","","3EB27490AT476934Y","v2_b1da1866-ad02-47d5-8184-f6ea1f30ae54_2_1","100022326442818","1","","-766.90","12 Bellevue grove","","Edinburgh","Edinburgh (City Of)","EH7 4DD","United Kingdom","","Purchase amount","Order number: 27-09614-03271","GB","Debit"
"24/01/2023","04:06:49","PST","eBay Commerce UK Ltd","General Authorisation","Completed","GBP","-5.94","0.00","-5.94","paypal@eh7.co.uk","0103-uk-ecuk-fbo-gbp@ebay.com","3EB27490AT476934Y","12 Bellevue grove, Edinburgh, Edinburgh (City Of), EH7 4DD, United Kingdom","Confirmed","Purchase amount","","0.00","","0.00","","","","","","23edf8a2-91cc-42ac-a63f-f588ea3cf3f6","100022326442818","1","","-766.90","12 Bellevue grove","","Edinburgh","Edinburgh (City Of)","EH7 4DD","United Kingdom","","Purchase amount","","GB","Memo"
"27/01/2023","00:55:23","PST","123-Reg Ltd","Pre-approved Payment Bill User Payment","Completed","GBP","-47.88","0.00","-47.88","paypal@eh7.co.uk","webfusion.finance@webfusion.com","2L843830JV632424K","","Unconfirmed","","","0.00","","0.00","","","","","B-23E11341TP013173B","","","1","","-814.78","","","","","","","","","","","Debit"
"30/01/2023","07:42:22","PST","Namecheap, Inc","Express Checkout Payment","Completed","USD","-14.76","0.00","-14.76","paypal@eh7.co.uk","payments@namecheap.com","5W443247UW936522M","","Unconfirmed","21404301, threecliffs.com, threecliffs.com","","0.00","","0.00","","","","","","GAVINFRANCISZZZZ0709EF1ED4214C3EA560C646E1B0BDA0","","3","","-14.76","","","","","","","+44 1314665220","Domain Privacy (for asianconcern.com)Domain Renewal (threecliffs.com)Domain Privacy","","","Debit"
"30/01/2023","07:42:22","PST","","General Currency Conversion","Completed","GBP","-12.46","0.00","-12.46","paypal@eh7.co.uk","","7F198130EU3027448","","","21404301, threecliffs.com, threecliffs.com","","0.00","","0.00","","","","","5W443247UW936522M","GAVINFRANCISZZZZ0709EF1ED4214C3EA560C646E1B0BDA0","","3","","-827.24","","","","","","","+44 1314665220","21404301","","","Debit"
"30/01/2023","07:42:22","PST","","General Currency Conversion","Completed","USD","14.76","0.00","14.76","","paypal@eh7.co.uk","90Y66871S0221484M","","","21404301, threecliffs.com, threecliffs.com","","0.00","","0.00","","","","","5W443247UW936522M","GAVINFRANCISZZZZ0709EF1ED4214C3EA560C646E1B0BDA0","","3","","0.00","","","","","","","+44 1314665220","21404301","","","Credit"
"03/02/2023","02:29:25","PST","SPIKED LTD","Subscription Payment","Completed","GBP","-5.00","0.00","-5.00","paypal@eh7.co.uk","worldpay@spiked-online.com","3R410983KS6731214","12 Bellevue Grove, Edinburgh, Edinburgh City, EH7 4DD, United Kingdom","Confirmed","Spiked Donation","","0.00","","0.00","","","","","I-4RDA7Y5756SD","","","1","","-832.24","12 Bellevue Grove","","Edinburgh","Edinburgh City","EH7 4DD","United Kingdom","","Spiked Donation","","GB","Debit"
"05/02/2023","23:35:25","PST","IONOS CLOUD LIMITED","Pre-approved Payment Bill User Payment","Completed","GBP","-19.20","0.00","-19.20","paypal@eh7.co.uk","paypal@1and1.co.uk","0MT316373D034110V","","Unconfirmed","K720343575/005348685882","","0.00","","0.00","","","","","B-8DW19327FR596253P","K720343575/005348685882","","1","","-851.44","","","","","","","+44 1314665220","K720343575/005348685882","","","Debit"
"06/02/2023","04:57:31","PST","eBay Commerce UK Ltd","Express Checkout Payment","Completed","GBP","-5.89","0.00","-5.89","paypal@eh7.co.uk","0103-uk-ecuk-fbo-gbp@ebay.com","46E909573G957114R","12 Bellevue grove, Edinburgh, Edinburgh (City Of), EH7 4DD, United Kingdom","Confirmed","Purchase amount","","0.00","","0.00","","","","","8WS11118AV4715408","v2_845d2c66-f6c3-477a-ad90-8ca36a6d49e9_2_10","100022437815336","1","","-857.33","12 Bellevue grove","","Edinburgh","Edinburgh (City Of)","EH7 4DD","United Kingdom","","Purchase amount","Order number: 04-09676-01823","GB","Debit"
"06/02/2023","04:57:31","PST","eBay Commerce UK Ltd","General Authorisation","Completed","GBP","-5.89","0.00","-5.89","paypal@eh7.co.uk","0103-uk-ecuk-fbo-gbp@ebay.com","8WS11118AV4715408","12 Bellevue grove, Edinburgh, Edinburgh (City Of), EH7 4DD, United Kingdom","Confirmed","Purchase amount","","0.00","","0.00","","","","","","29df840f-17de-4038-ae0f-6c9c3bc7d3ca","100022437815336","1","","-857.33","12 Bellevue grove","","Edinburgh","Edinburgh (City Of)","EH7 4DD","United Kingdom","","Purchase amount","","GB","Memo"
"07/02/2023","11:01:02","PST","GitHub, Inc.","Pre-approved Payment Bill User Payment","Completed","USD","-4.00","0.00","-4.00","paypal@eh7.co.uk","ar@github.com","8G384313M14169006","","Unconfirmed","","","0.00","","0.00","","","","","B-8EW55283LW127833P","P-42126459","","1","","-4.00","","","","","","","","","","","Debit"
"07/02/2023","11:01:02","PST","","General Currency Conversion","Completed","GBP","-3.47","0.00","-3.47","paypal@eh7.co.uk","","64764531WD5351628","","","","","0.00","","0.00","","","","","8G384313M14169006","P-42126459","","1","","-860.80","","","","","","","","","","","Debit"
"07/02/2023","11:01:02","PST","","General Currency Conversion","Completed","USD","4.00","0.00","4.00","","paypal@eh7.co.uk","26R94596BX5195053","","","","","0.00","","0.00","","","","","8G384313M14169006","P-42126459","","1","","0.00","","","","","","","","","","","Credit"
"09/02/2023","10:44:01","PST","Edinburgh Airport Limited","Express Checkout Payment","Completed","GBP","-29.99","0.00","-29.99","paypal@eh7.co.uk","digital@edinburghairport.com","4E2573829V258861U","","Unconfirmed","","","0.00","","0.00","","","","","68R25757BG934641J","","acct_19R0GGCDqP8pkA84:pi_3MZeyYCDqP8pkA840Xihlxy9:cddb43ca7b6ab72c","1","","-890.79","","","","","","","","","","","Debit"
"09/02/2023","10:44:01","PST","Edinburgh Airport Limited","General Authorisation","Completed","GBP","-29.99","0.00","-29.99","paypal@eh7.co.uk","digital@edinburghairport.com","68R25757BG934641J","","Unconfirmed","","","0.00","","0.00","","","","","","","acct_19R0GGCDqP8pkA84:pi_3MZeyYCDqP8pkA840Xihlxy9:cddb43ca7b6ab72c","1","","-890.79","","","","","","","","","","","Memo"
"23/02/2023","05:53:23","PST","eBay Commerce UK Ltd","Express Checkout Payment","Completed","GBP","-14.99","0.00","-14.99","paypal@eh7.co.uk","0103-uk-ecuk-fbo-gbp@ebay.com","53C09556F7027572L","12 Bellevue grove, Edinburgh, Edinburgh (City Of), EH7 4DD, United Kingdom","Confirmed","Purchase amount","","0.00","","0.00","","","","","5MP40941LM599625K","v2_7fe21cb1-c147-49eb-8be9-4743ff0f1984_2_11","100022511325961","1","","-905.78","12 Bellevue grove","","Edinburgh","Edinburgh (City Of)","EH7 4DD","United Kingdom","","Purchase amount","Order number: 26-09734-74961","GB","Debit"
"23/02/2023","05:53:23","PST","eBay Commerce UK Ltd","General Authorisation","Completed","GBP","-14.99","0.00","-14.99","paypal@eh7.co.uk","0103-uk-ecuk-fbo-gbp@ebay.com","5MP40941LM599625K","12 Bellevue grove, Edinburgh, Edinburgh (City Of), EH7 4DD, United Kingdom","Confirmed","Purchase amount","","0.00","","0.00","","","","","","1901cff0-a9fb-4dbf-a437-593797580f37","100022511325961","1","","-905.78","12 Bellevue grove","","Edinburgh","Edinburgh (City Of)","EH7 4DD","United Kingdom","","Purchase amount","","GB","Memo"
"27/02/2023","02:05:28","PST","eBay Commerce UK Ltd","Express Checkout Payment","Completed","GBP","-8.20","0.00","-8.20","paypal@eh7.co.uk","0103-uk-ecuk-fbo-gbp@ebay.com","4F76407088459741L","12 Bellevue grove, Edinburgh, Edinburgh (City Of), EH7 4DD, United Kingdom","Confirmed","Purchase amount","","0.00","","0.00","","","","","6MA87492P38361000","v2_e903c3c2-bc60-449d-856b-e86c2720f4bb_2_23","100022530626334","1","","-913.98","12 Bellevue grove","","Edinburgh","Edinburgh (City Of)","EH7 4DD","United Kingdom","","Purchase amount","Order number: 23-09751-11791","GB","Debit"
"27/02/2023","02:05:28","PST","eBay Commerce UK Ltd","General Authorisation","Completed","GBP","-8.20","0.00","-8.20","paypal@eh7.co.uk","0103-uk-ecuk-fbo-gbp@ebay.com","6MA87492P38361000","12 Bellevue grove, Edinburgh, Edinburgh (City Of), EH7 4DD, United Kingdom","Confirmed","Purchase amount","","0.00","","0.00","","","","","","a8d27f9b-7edf-482d-b210-4eadc653cfd3","100022530626334","1","","-913.98","12 Bellevue grove","","Edinburgh","Edinburgh (City Of)","EH7 4DD","United Kingdom","","Purchase amount","","GB","Memo"
"27/02/2023","02:20:08","PST","123-Reg Ltd","Pre-approved Payment Bill User Payment","Completed","GBP","-47.88","0.00","-47.88","paypal@eh7.co.uk","webfusion.finance@webfusion.com","7822785466228474N","","Unconfirmed","","","0.00","","0.00","","","","","B-23E11341TP013173B","","","1","","-961.86","","","","","","","","","","","Debit"
"27/02/2023","19:02:09","PST","IONOS CLOUD LIMITED","Pre-approved Payment Bill User Payment","Completed","GBP","-19.20","0.00","-19.20","paypal@eh7.co.uk","paypal@1and1.co.uk","7HP564384P126884R","","Unconfirmed","K720343575/005358874388","","0.00","","0.00","","","","","B-8DW19327FR596253P","K720343575/005358874388","","1","","-981.06","","","","","","","+44 1314665220","K720343575/005358874388","","","Debit"
"02/03/2023","03:54:41","PST","eBay Commerce UK Ltd","Express Checkout Payment","Completed","GBP","-3.75","0.00","-3.75","paypal@eh7.co.uk","0103-uk-ecuk-fbo-gbp@ebay.com","1JU78598863852935","12 Bellevue grove, Edinburgh, Edinburgh (City Of), EH7 4DD, United Kingdom","Confirmed","Purchase amount","","0.00","","0.00","","","","","86A98936DA172624D","v2_b6b209c6-0eea-4139-8fed-a404e8d6bdd0_2_9","100022550412748","1","","-984.81","12 Bellevue grove","","Edinburgh","Edinburgh (City Of)","EH7 4DD","United Kingdom","","Purchase amount","Order number: 25-09764-02176","GB","Debit"
"02/03/2023","03:54:41","PST","eBay Commerce UK Ltd","General Authorisation","Completed","GBP","-3.75","0.00","-3.75","paypal@eh7.co.uk","0103-uk-ecuk-fbo-gbp@ebay.com","86A98936DA172624D","12 Bellevue grove, Edinburgh, Edinburgh (City Of), EH7 4DD, United Kingdom","Confirmed","Purchase amount","","0.00","","0.00","","","","","","111b5008-552e-492b-80f1-8a54932451b4","100022550412748","1","","-984.81","12 Bellevue grove","","Edinburgh","Edinburgh (City Of)","EH7 4DD","United Kingdom","","Purchase amount","","GB","Memo"
"03/03/2023","02:15:47","PST","SPIKED LTD","Subscription Payment","Completed","GBP","-5.00","0.00","-5.00","paypal@eh7.co.uk","worldpay@spiked-online.com","81N151582T4427159","12 Bellevue Grove, Edinburgh, Edinburgh City, EH7 4DD, United Kingdom","Confirmed","Spiked Donation","","0.00","","0.00","","","","","I-4RDA7Y5756SD","","","1","","-989.81","12 Bellevue Grove","","Edinburgh","Edinburgh City","EH7 4DD","United Kingdom","","Spiked Donation","","GB","Debit"
"07/03/2023","10:05:52","PST","GitHub, Inc.","Pre-approved Payment Bill User Payment","Completed","USD","-4.00","0.00","-4.00","paypal@eh7.co.uk","ar@github.com","5N7567177D6744315","","Unconfirmed","","","0.00","","0.00","","","","","B-8EW55283LW127833P","P-43231558","","1","","-4.00","","","","","","","","","","","Debit"
"07/03/2023","10:05:52","PST","","General Currency Conversion","Completed","GBP","-3.52","0.00","-3.52","paypal@eh7.co.uk","","3KJ64959HX976444R","","","","","0.00","","0.00","","","","","5N7567177D6744315","P-43231558","","1","","-993.33","","","","","","","","","","","Debit"
"07/03/2023","10:05:52","PST","","General Currency Conversion","Completed","USD","4.00","0.00","4.00","","paypal@eh7.co.uk","92W35874SX498293P","","","","","0.00","","0.00","","","","","5N7567177D6744315","P-43231558","","1","","0.00","","","","","","","","","","","Credit"
"15/03/2023","11:18:34","PDT","eBay Commerce UK Ltd","Express Checkout Payment","Completed","GBP","-2.63","0.00","-2.63","paypal@eh7.co.uk","0103-uk-ecuk-fbo-gbp@ebay.com","3U0520187M529615R","12 Bellevue grove, Edinburgh, Edinburgh (City Of), EH7 4DD, United Kingdom","Confirmed","Purchase amount","","0.00","","0.00","","","","","1S6062846B143125M","v2_72badf17-cd23-4e87-966f-d07f2897e002_2_5","100022639476841","1","","-995.96","12 Bellevue grove","","Edinburgh","Edinburgh (City Of)","EH7 4DD","United Kingdom","","Purchase amount","Order number: 21-09820-73929","GB","Debit"
"15/03/2023","11:18:34","PDT","eBay Commerce UK Ltd","General Authorisation","Completed","GBP","-2.63","0.00","-2.63","paypal@eh7.co.uk","0103-uk-ecuk-fbo-gbp@ebay.com","1S6062846B143125M","12 Bellevue grove, Edinburgh, Edinburgh (City Of), EH7 4DD, United Kingdom","Confirmed","Purchase amount","","0.00","","0.00","","","","","","00311135-730a-4e1d-86fe-16ce71c93118","100022639476841","1","","-995.96","12 Bellevue grove","","Edinburgh","Edinburgh (City Of)","EH7 4DD","United Kingdom","","Purchase amount","","GB","Memo"
"27/03/2023","02:53:39","PDT","eBay Commerce UK Ltd","Express Checkout Payment","Completed","GBP","-39.25","0.00","-39.25","paypal@eh7.co.uk","0103-uk-ecuk-fbo-gbp@ebay.com","0M147123MX344325S","12 Bellevue grove, Edinburgh, Edinburgh (City Of), EH7 4DD, United Kingdom","Confirmed","Purchase amount","","0.00","","0.00","","","","","9JV88284UB9788306","v2_083b06cc-7523-4531-bb10-242241dd389e_2_3","100022705508886","1","","-1,035.21","12 Bellevue grove","","Edinburgh","Edinburgh (City Of)","EH7 4DD","United Kingdom","","Purchase amount","Order number: 22-09866-03513","GB","Debit"
"27/03/2023","02:53:39","PDT","eBay Commerce UK Ltd","General Authorisation","Completed","GBP","-39.25","0.00","-39.25","paypal@eh7.co.uk","0103-uk-ecuk-fbo-gbp@ebay.com","9JV88284UB9788306","12 Bellevue grove, Edinburgh, Edinburgh (City Of), EH7 4DD, United Kingdom","Confirmed","Purchase amount","","0.00","","0.00","","","","","","6c2c3d7f-587d-4e6b-a9ac-4b3bd5101972","100022705508886","1","","-1,035.21","12 Bellevue grove","","Edinburgh","Edinburgh (City Of)","EH7 4DD","United Kingdom","","Purchase amount","","GB","Memo"
"27/03/2023","20:29:30","PDT","IONOS CLOUD LIMITED","Pre-approved Payment Bill User Payment","Completed","GBP","-19.20","0.00","-19.20","paypal@eh7.co.uk","paypal@1and1.co.uk","7R7524538T2223603","","Unconfirmed","K720343575/005299370679","","0.00","","0.00","","","","","B-8DW19327FR596253P","K720343575/005299370679","","1","","-1,054.41","","","","","","","+44 1314665220","K720343575/005299370679","","","Debit"
"28/03/2023","01:36:24","PDT","123-Reg Ltd","Pre-approved Payment Bill User Payment","Completed","GBP","-47.88","0.00","-47.88","paypal@eh7.co.uk","webfusion.finance@webfusion.com","7A9804585V695535W","","Unconfirmed","","","0.00","","0.00","","","","","B-23E11341TP013173B","","","1","","-1,102.29","","","","","","","","","","","Debit"
"03/04/2023","04:50:42","PDT","SPIKED LTD","Subscription Payment","Completed","GBP","-5.00","0.00","-5.00","paypal@eh7.co.uk","worldpay@spiked-online.com","3RB96415EA172073R","12 Bellevue Grove, Edinburgh, Edinburgh City, EH7 4DD, United Kingdom","Confirmed","Spiked Donation","","0.00","","0.00","","","","","I-4RDA7Y5756SD","","","1","","-1,107.29","12 Bellevue Grove","","Edinburgh","Edinburgh City","EH7 4DD","United Kingdom","","Spiked Donation","","GB","Debit"
"05/04/2023","03:03:06","PDT","Namecheap, Inc","Express Checkout Payment","Completed","USD","-14.76","0.00","-14.76","paypal@eh7.co.uk","payments@namecheap.com","2A4229504G414391Y","","Unconfirmed","21404301, skiservicing.com, skiservicing.com","","0.00","","0.00","","","","","","GAVINFRANCISZZZZA5650F2B0E4B4B28A9449EA0678A933A","","3","","-14.76","","","","","","","+44 1314665220","Domain Privacy (for asianconcern.com)Domain Renewal (skiservicing.com)Domain Privacy","","","Debit"
"05/04/2023","03:03:06","PDT","","General Currency Conversion","Completed","GBP","-12.41","0.00","-12.41","paypal@eh7.co.uk","","8R9678444T109961R","","","21404301, skiservicing.com, skiservicing.com","","0.00","","0.00","","","","","2A4229504G414391Y","GAVINFRANCISZZZZA5650F2B0E4B4B28A9449EA0678A933A","","3","","-1,119.70","","","","","","","+44 1314665220","21404301","","","Debit"
"05/04/2023","03:03:06","PDT","","General Currency Conversion","Completed","USD","14.76","0.00","14.76","","paypal@eh7.co.uk","2R141319KF5950928","","","21404301, skiservicing.com, skiservicing.com","","0.00","","0.00","","","","","2A4229504G414391Y","GAVINFRANCISZZZZA5650F2B0E4B4B28A9449EA0678A933A","","3","","0.00","","","","","","","+44 1314665220","21404301","","","Credit"
"05/04/2023","10:29:44","PDT","Companies House","Express Checkout Payment","Completed","GBP","-12.00","0.00","-12.00","paypal@eh7.co.uk","paypal@companieshouse.gov.uk","2UM54419TF4037104","12 Bellevue Grove, Edinburgh, Edinburgh City, EH7 4DD, United Kingdom","Confirmed","089-829555","","0.00","","0.00","","","","","","OcF0K1yZXb3IjKC","","1","","-1,131.70","12 Bellevue Grove","","Edinburgh","Edinburgh City","EH7 4DD","United Kingdom","","089-829555","","GB","Debit"
"07/04/2023","09:41:27","PDT","GitHub, Inc.","Pre-approved Payment Bill User Payment","Completed","USD","-4.00","0.00","-4.00","paypal@eh7.co.uk","ar@github.com","6T742553MC235743Y","","Unconfirmed","","","0.00","","0.00","","","","","B-8EW55283LW127833P","P-43956270","","1","","-4.00","","","","","","","","","","","Debit"
"07/04/2023","09:41:27","PDT","","General Currency Conversion","Completed","GBP","-3.36","0.00","-3.36","paypal@eh7.co.uk","","0T59791481678362R","","","","","0.00","","0.00","","","","","6T742553MC235743Y","P-43956270","","1","","-1,135.06","","","","","","","","","","","Debit"
"07/04/2023","09:41:27","PDT","","General Currency Conversion","Completed","USD","4.00","0.00","4.00","","paypal@eh7.co.uk","0KC655532R099964Y","","","","","0.00","","0.00","","","","","6T742553MC235743Y","P-43956270","","1","","0.00","","","","","","","","","","","Credit"
"11/04/2023","00:24:25","PDT","Companies House","Payment Refund","Completed","GBP","12.00","0.00","12.00","paypal@companieshouse.gov.uk","paypal@eh7.co.uk","1PT47002G2068852F","","Unconfirmed","089-829555","","","","0.00","","","","","2UM54419TF4037104","OcF0K1yZXb3IjKC","","1","","-1,123.06","","","","","","","","089-829555","","","Credit"
"17/04/2023","06:03:30","PDT","","General Withdrawal","Completed","GBP","-12.00","0.00","-12.00","paypal@eh7.co.uk","","18756789V6876573W","","","089-829555","","0.00","","0.00","","","","","2UM54419TF4037104","OcF0K1yZXb3IjKC","","1","","-1,123.06","","","","","","","","089-829555","","","Memo"
"26/04/2023","07:21:38","PDT","eBay Commerce UK Ltd","Express Checkout Payment","Completed","GBP","-4.95","0.00","-4.95","paypal@eh7.co.uk","0103-uk-ecuk-fbo-gbp@ebay.com","36E47323D7407211D","12 Bellevue grove, Edinburgh, Edinburgh (City Of), EH7 4DD, United Kingdom","Confirmed","Purchase amount","","0.00","","0.00","","","","","17N45553WJ6045938","v2_038a6d4b-1a8d-4434-a884-c3e40ea00d12_2_6","100022890437608","1","","-1,128.01","12 Bellevue grove","","Edinburgh","Edinburgh (City Of)","EH7 4DD","United Kingdom","","Purchase amount","Order number: 12-09988-03489","GB","Debit"
"26/04/2023","07:21:38","PDT","eBay Commerce UK Ltd","General Authorisation","Completed","GBP","-4.95","0.00","-4.95","paypal@eh7.co.uk","0103-uk-ecuk-fbo-gbp@ebay.com","17N45553WJ6045938","12 Bellevue grove, Edinburgh, Edinburgh (City Of), EH7 4DD, United Kingdom","Confirmed","Purchase amount","","0.00","","0.00","","","","","","aae2aa06-d4d5-43aa-9129-97c19e926b30","100022890437608","1","","-1,128.01","12 Bellevue grove","","Edinburgh","Edinburgh (City Of)","EH7 4DD","United Kingdom","","Purchase amount","","GB","Memo"
"27/04/2023","03:28:33","PDT","123-Reg Ltd","Pre-approved Payment Bill User Payment","Completed","GBP","-47.88","0.00","-47.88","paypal@eh7.co.uk","webfusion.finance@webfusion.com","265673634S139464B","","Unconfirmed","","","0.00","","0.00","","","","","B-23E11341TP013173B","","","1","","-1,175.89","","","","","","","","","","","Debit"
"27/04/2023","17:40:13","PDT","IONOS CLOUD LIMITED","Pre-approved Payment Bill User Payment","Completed","GBP","-19.20","0.00","-19.20","paypal@eh7.co.uk","paypal@1and1.co.uk","1L4314672M511613F","","Unconfirmed","K720343575/005249519913","","0.00","","0.00","","","","","B-8DW19327FR596253P","K720343575/005249519913","","1","","-1,195.09","","","","","","","+44 1314665220","K720343575/005249519913","","","Debit"
"03/05/2023","03:45:45","PDT","SPIKED LTD","Subscription Payment","Completed","GBP","-5.00","0.00","-5.00","paypal@eh7.co.uk","worldpay@spiked-online.com","18851150H64296739","12 Bellevue Grove, Edinburgh, Edinburgh City, EH7 4DD, United Kingdom","Confirmed","Spiked Donation","","0.00","","0.00","","","","","I-4RDA7Y5756SD","","","1","","-1,200.09","12 Bellevue Grove","","Edinburgh","Edinburgh City","EH7 4DD","United Kingdom","","Spiked Donation","","GB","Debit"
"07/05/2023","09:53:02","PDT","GitHub, Inc.","Pre-approved Payment Bill User Payment","Completed","USD","-4.00","0.00","-4.00","paypal@eh7.co.uk","ar@github.com","99546016GD262570K","","Unconfirmed","","","0.00","","0.00","","","","","B-8EW55283LW127833P","P-44744697","","1","","-4.00","","","","","","","","","","","Debit"
"07/05/2023","09:53:02","PDT","","General Currency Conversion","Completed","GBP","-3.32","0.00","-3.32","paypal@eh7.co.uk","","5Y4291786R978471F","","","","","0.00","","0.00","","","","","99546016GD262570K","P-44744697","","1","","-1,203.41","","","","","","","","","","","Debit"
"07/05/2023","09:53:02","PDT","","General Currency Conversion","Completed","USD","4.00","0.00","4.00","","paypal@eh7.co.uk","04375506PB598154L","","","","","0.00","","0.00","","","","","99546016GD262570K","P-44744697","","1","","0.00","","","","","","","","","","","Credit"
"11/05/2023","07:45:21","PDT","eBay Commerce UK Ltd","Express Checkout Payment","Completed","GBP","-161.69","0.00","-161.69","paypal@eh7.co.uk","0103-uk-ecuk-fbo-gbp@ebay.com","1UJ633159F429890J","12 Bellevue grove, Edinburgh, Edinburgh (City Of), EH7 4DD, United Kingdom","Confirmed","Purchase amount","","0.00","","0.00","","","","","7K8074251B7588158","v2_1c66c27d-ea79-4c7b-a15f-cc26410781c4_2_6","100022975760869","1","","-1,365.10","12 Bellevue grove","","Edinburgh","Edinburgh (City Of)","EH7 4DD","United Kingdom","","Purchase amount","Order number: 08-10048-27498","GB","Debit"
"11/05/2023","07:45:21","PDT","eBay Commerce UK Ltd","General Authorisation","Completed","GBP","-161.69","0.00","-161.69","paypal@eh7.co.uk","0103-uk-ecuk-fbo-gbp@ebay.com","7K8074251B7588158","12 Bellevue grove, Edinburgh, Edinburgh (City Of), EH7 4DD, United Kingdom","Confirmed","Purchase amount","","0.00","","0.00","","","","","","f996a9ab-3ccf-4193-905c-8474ef038826","100022975760869","1","","-1,365.10","12 Bellevue grove","","Edinburgh","Edinburgh (City Of)","EH7 4DD","United Kingdom","","Purchase amount","","GB","Memo"
"14/05/2023","03:32:15","PDT","eBay Commerce UK Ltd","Express Checkout Payment","Completed","GBP","-2.29","0.00","-2.29","paypal@eh7.co.uk","0103-uk-ecuk-fbo-gbp@ebay.com","48088289ST3073637","12 Bellevue grove, Edinburgh, Edinburgh (City Of), EH7 4DD, United Kingdom","Confirmed","Purchase amount","","0.00","","0.00","","","","","10E745463M316963P","v2_7420858d-9620-44ab-9532-4600190c0607_2_5","100022995443722","1","","-1,367.39","12 Bellevue grove","","Edinburgh","Edinburgh (City Of)","EH7 4DD","United Kingdom","","Purchase amount","Order number: 20-10052-08752","GB","Debit"
"14/05/2023","03:32:15","PDT","eBay Commerce UK Ltd","General Authorisation","Completed","GBP","-2.29","0.00","-2.29","paypal@eh7.co.uk","0103-uk-ecuk-fbo-gbp@ebay.com","10E745463M316963P","12 Bellevue grove, Edinburgh, Edinburgh (City Of), EH7 4DD, United Kingdom","Confirmed","Purchase amount","","0.00","","0.00","","","","","","14b4e107-de1a-4d8a-b849-c820a08f4c6c","100022995443722","1","","-1,367.39","12 Bellevue grove","","Edinburgh","Edinburgh (City Of)","EH7 4DD","United Kingdom","","Purchase amount","","GB","Memo"
"15/05/2023","02:38:22","PDT","eBay Commerce UK Ltd","Express Checkout Payment","Completed","GBP","-13.50","0.00","-13.50","paypal@eh7.co.uk","0103-uk-ecuk-fbo-gbp@ebay.com","1MY450915G655883K","12 Bellevue grove, Edinburgh, Edinburgh (City Of), EH7 4DD, United Kingdom","Confirmed","Purchase amount","","0.00","","0.00","","","","","3XP48902XS450854K","v2_9df5ce31-71cc-4769-be02-362518718b1a_2_5","100023001297994","1","","-1,380.89","12 Bellevue grove","","Edinburgh","Edinburgh (City Of)","EH7 4DD","United Kingdom","","Purchase amount","Order number: 10-10060-74867","GB","Debit"
"15/05/2023","02:38:22","PDT","eBay Commerce UK Ltd","General Authorisation","Completed","GBP","-13.50","0.00","-13.50","paypal@eh7.co.uk","0103-uk-ecuk-fbo-gbp@ebay.com","3XP48902XS450854K","12 Bellevue grove, Edinburgh, Edinburgh (City Of), EH7 4DD, United Kingdom","Confirmed","Purchase amount","","0.00","","0.00","","","","","","3888be3b-321c-4a0c-b5d9-76e0efb804c6","100023001297994","1","","-1,380.89","12 Bellevue grove","","Edinburgh","Edinburgh (City Of)","EH7 4DD","United Kingdom","","Purchase amount","","GB","Memo"
"19/05/2023","02:50:14","PDT","eBay Commerce UK Ltd","Express Checkout Payment","Completed","GBP","-7.00","0.00","-7.00","paypal@eh7.co.uk","0103-uk-ecuk-fbo-gbp@ebay.com","1VN74861Y63289311","12 Bellevue grove, Edinburgh, Edinburgh (City Of), EH7 4DD, United Kingdom","Confirmed","Purchase amount","","0.00","","0.00","","","","","5NS41399WJ769701H","v2_78df5029-dc1a-40ee-aa0e-4e156f66cf75_2_5","100023023408681","1","","-1,387.89","12 Bellevue grove","","Edinburgh","Edinburgh (City Of)","EH7 4DD","United Kingdom","","Purchase amount","Order number: 09-10076-80024","GB","Debit"
"19/05/2023","02:50:14","PDT","eBay Commerce UK Ltd","General Authorisation","Completed","GBP","-7.00","0.00","-7.00","paypal@eh7.co.uk","0103-uk-ecuk-fbo-gbp@ebay.com","5NS41399WJ769701H","12 Bellevue grove, Edinburgh, Edinburgh (City Of), EH7 4DD, United Kingdom","Confirmed","Purchase amount","","0.00","","0.00","","","","","","520d1720-ce09-48d0-b346-0c3d244f8eff","100023023408681","1","","-1,387.89","12 Bellevue grove","","Edinburgh","Edinburgh (City Of)","EH7 4DD","United Kingdom","","Purchase amount","","GB","Memo"
"25/05/2023","06:35:32","PDT","CCL Computers Ltd","Express Checkout Payment","Completed","GBP","-78.37","0.00","-78.37","paypal@eh7.co.uk","paypal@cclonline.com","80S136818T233461F","12 Bellevue Grove, Edinburgh, Edinburgh City, EH7 4DD, United Kingdom","Confirmed","Kingston NV2 2TB M.2-2280 PCIe 4.0 x4 NVMe SSD","SSD1570","0.00","","0.00","","","","","","W4355269","","1","","-1,466.26","12 Bellevue Grove","","Edinburgh","Edinburgh City","EH7 4DD","United Kingdom","","Kingston NV2 2TB M.2-2280 PCIe 4.0 x4 NVMe SSD","","GB","Debit"
"27/05/2023","19:40:30","PDT","IONOS CLOUD LIMITED","Pre-approved Payment Bill User Payment","Completed","GBP","-19.20","0.00","-19.20","paypal@eh7.co.uk","paypal@1and1.co.uk","08040434X4655141Y","","Unconfirmed","K720343575/005459107512","","0.00","","0.00","","","","","B-8DW19327FR596253P","K720343575/005459107512","","1","","-1,485.46","","","","","","","+44 1314665220","K720343575/005459107512","","","Debit"
"29/05/2023","05:10:38","PDT","123-Reg Ltd","Pre-approved Payment Bill User Payment","Completed","GBP","-47.88","0.00","-47.88","paypal@eh7.co.uk","webfusion.finance@webfusion.com","13C80082TE680234R","","Unconfirmed","","","0.00","","0.00","","","","","B-23E11341TP013173B","","","1","","-1,533.34","","","","","","","","","","","Debit"
"31/05/2023","06:15:18","PDT","eBay Commerce UK Ltd","Express Checkout Payment","Completed","GBP","-16.99","0.00","-16.99","paypal@eh7.co.uk","0103-uk-ecuk-fbo-gbp@ebay.com","19X40934BE386273J","12 Bellevue grove, Edinburgh, Edinburgh (City Of), EH7 4DD, United Kingdom","Confirmed","Purchase amount","","0.00","","0.00","","","","","4LX04925RV599401F","v2_2138f8f6-014d-4644-a9a8-e7138fcc585e_2_23","100023121647840","1","","-1,550.33","12 Bellevue grove","","Edinburgh","Edinburgh (City Of)","EH7 4DD","United Kingdom","","Purchase amount","Order number: 16-10117-85492","GB","Debit"
"31/05/2023","06:15:18","PDT","eBay Commerce UK Ltd","General Authorisation","Completed","GBP","-16.99","0.00","-16.99","paypal@eh7.co.uk","0103-uk-ecuk-fbo-gbp@ebay.com","4LX04925RV599401F","12 Bellevue grove, Edinburgh, Edinburgh (City Of), EH7 4DD, United Kingdom","Confirmed","Purchase amount","","0.00","","0.00","","","","","","84bc1fda-ef68-41ea-be55-d37d65a2d4fb","100023121647840","1","","-1,550.33","12 Bellevue grove","","Edinburgh","Edinburgh (City Of)","EH7 4DD","United Kingdom","","Purchase amount","","GB","Memo"
"02/06/2023","02:24:20","PDT","eBay Commerce Inc.","Express Checkout Payment","Completed","USD","-7.55","0.00","-7.55","paypal@eh7.co.uk","ECI_USD_PPFOP@ebay.com","3X9701456L461113N","12 Bellevue grove, Edinburgh, Edinburgh (City Of), EH7 4DD, United Kingdom","Confirmed","Purchase amount","","0.00","","0.00","","","","","03862241CD427433Y","v2_fa8abc12-e119-48fb-89ab-05f06b83b95f_2_3","100023098505422","1","","-7.55","12 Bellevue grove","","Edinburgh","Edinburgh (City Of)","EH7 4DD","United Kingdom","","Purchase amount","Order number: 21-10122-23318","GB","Debit"
"02/06/2023","02:24:20","PDT","","General Currency Conversion","Completed","GBP","-6.34","0.00","-6.34","paypal@eh7.co.uk","","5D854678KP942180R","","","Purchase amount","","0.00","","0.00","","","","","3X9701456L461113N","v2_fa8abc12-e119-48fb-89ab-05f06b83b95f_2_3","100023098505422","1","","-1,556.67","","","","","","","","Purchase amount","","","Debit"
"02/06/2023","02:24:20","PDT","","General Currency Conversion","Completed","USD","7.55","0.00","7.55","","paypal@eh7.co.uk","2V346067CS486440P","","","Purchase amount","","0.00","","0.00","","","","","3X9701456L461113N","v2_fa8abc12-e119-48fb-89ab-05f06b83b95f_2_3","100023098505422","1","","0.00","","","","","","","","Purchase amount","","","Credit"
"02/06/2023","02:24:20","PDT","eBay Commerce Inc.","General Authorisation","Completed","USD","-7.55","0.00","-7.55","paypal@eh7.co.uk","ECI_USD_PPFOP@ebay.com","03862241CD427433Y","12 Bellevue grove, Edinburgh, Edinburgh (City Of), EH7 4DD, United Kingdom","Confirmed","Purchase amount","","0.00","","0.00","","","","","","aefef414-fbf0-416d-a3ed-53034898abf9","100023098505422","1","","0.00","12 Bellevue grove","","Edinburgh","Edinburgh (City Of)","EH7 4DD","United Kingdom","","Purchase amount","","GB","Memo"
"03/06/2023","04:34:39","PDT","SPIKED LTD","Subscription Payment","Completed","GBP","-5.00","0.00","-5.00","paypal@eh7.co.uk","worldpay@spiked-online.com","9PR28106LV486035G","12 Bellevue Grove, Edinburgh, Edinburgh City, EH7 4DD, United Kingdom","Confirmed","Spiked Donation","","0.00","","0.00","","","","","I-4RDA7Y5756SD","","","1","","-1,561.67","12 Bellevue Grove","","Edinburgh","Edinburgh City","EH7 4DD","United Kingdom","","Spiked Donation","","GB","Debit"
"06/06/2023","05:00:55","PDT","eBay Commerce UK Ltd","Express Checkout Payment","Completed","GBP","-3.49","0.00","-3.49","paypal@eh7.co.uk","0103-uk-ecuk-fbo-gbp@ebay.com","1AF8741609276020P","12 Bellevue grove, Edinburgh, Edinburgh (City Of), EH7 4DD, United Kingdom","Confirmed","Purchase amount","","0.00","","0.00","","","","","8H760255WE052641A","v2_b53d8329-ce0e-46de-920b-d0daaae85175_2_2","100023123302236","1","","-1,565.16","12 Bellevue grove","","Edinburgh","Edinburgh (City Of)","EH7 4DD","United Kingdom","","Purchase amount","Order number: 25-10135-69711","GB","Debit"
"06/06/2023","05:00:55","PDT","eBay Commerce UK Ltd","General Authorisation","Completed","GBP","-3.49","0.00","-3.49","paypal@eh7.co.uk","0103-uk-ecuk-fbo-gbp@ebay.com","8H760255WE052641A","12 Bellevue grove, Edinburgh, Edinburgh (City Of), EH7 4DD, United Kingdom","Confirmed","Purchase amount","","0.00","","0.00","","","","","","9f973c1e-6709-468f-9e32-72e8439b4b51","100023123302236","1","","-1,565.16","12 Bellevue grove","","Edinburgh","Edinburgh (City Of)","EH7 4DD","United Kingdom","","Purchase amount","","GB","Memo"
"07/06/2023","10:05:28","PDT","GitHub, Inc.","Pre-approved Payment Bill User Payment","Completed","USD","-4.00","0.00","-4.00","paypal@eh7.co.uk","ar@github.com","3NP43874EX790824K","","Unconfirmed","","","0.00","","0.00","","","","","B-8EW55283LW127833P","P-45672384","","1","","-4.00","","","","","","","","","","","Debit"
"07/06/2023","10:05:28","PDT","","General Currency Conversion","Completed","GBP","-3.36","0.00","-3.36","paypal@eh7.co.uk","","21M69598X3394710P","","","","","0.00","","0.00","","","","","3NP43874EX790824K","P-45672384","","1","","-1,568.52","","","","","","","","","","","Debit"
"07/06/2023","10:05:28","PDT","","General Currency Conversion","Completed","USD","4.00","0.00","4.00","","paypal@eh7.co.uk","4E320896NW2398744","","","","","0.00","","0.00","","","","","3NP43874EX790824K","P-45672384","","1","","0.00","","","","","","","","","","","Credit"
"13/06/2023","05:55:28","PDT","eBay Commerce UK Ltd","Express Checkout Payment","Completed","GBP","-37.89","0.00","-37.89","paypal@eh7.co.uk","0103-uk-ecuk-fbo-gbp@ebay.com","1PV73453M5034635T","12 Bellevue grove, Edinburgh, Edinburgh (City Of), EH7 4DD, United Kingdom","Confirmed","Purchase amount","","0.00","","0.00","","","","","4HH23675F8047283W","v2_fad9ee60-a7b7-4947-bc59-ae671fa65a38_2_3","100023198947664","1","","-1,606.41","12 Bellevue grove","","Edinburgh","Edinburgh (City Of)","EH7 4DD","United Kingdom","","Purchase amount","Order number: 19-10166-15789","GB","Debit"
"13/06/2023","05:55:28","PDT","eBay Commerce UK Ltd","General Authorisation","Completed","GBP","-37.89","0.00","-37.89","paypal@eh7.co.uk","0103-uk-ecuk-fbo-gbp@ebay.com","4HH23675F8047283W","12 Bellevue grove, Edinburgh, Edinburgh (City Of), EH7 4DD, United Kingdom","Confirmed","Purchase amount","","0.00","","0.00","","","","","","7a4e0702-e4ed-450c-ba48-be3e7dfbc275","100023198947664","1","","-1,606.41","12 Bellevue grove","","Edinburgh","Edinburgh (City Of)","EH7 4DD","United Kingdom","","Purchase amount","","GB","Memo"
"27/06/2023","01:43:01","PDT","123-Reg Ltd","Pre-approved Payment Bill User Payment","Completed","GBP","-47.88","0.00","-47.88","paypal@eh7.co.uk","webfusion.finance@webfusion.com","94Y44234NK4045245","","Unconfirmed","","","0.00","","0.00","","","","","B-23E11341TP013173B","","","1","","-1,654.29","","","","","","","","","","","Debit"
"27/06/2023","19:31:55","PDT","IONOS CLOUD LIMITED","Pre-approved Payment Bill User Payment","Completed","GBP","-19.20","0.00","-19.20","paypal@eh7.co.uk","paypal@1and1.co.uk","3V4303948P2576042","","Unconfirmed","K720343575/006260007458","","0.00","","0.00","","","","","B-8DW19327FR596253P","K720343575/006260007458","","1","","-1,673.49","","","","","","","+44 1314665220","K720343575/006260007458","","","Debit"
"02/07/2023","13:17:26","PDT","eBay Commerce UK Ltd","Express Checkout Payment","Completed","GBP","-11.20","0.00","-11.20","paypal@eh7.co.uk","0103-uk-ecuk-fbo-gbp@ebay.com","84R35058UJ165482R","12 Bellevue grove, Edinburgh, Edinburgh (City Of), EH7 4DD, United Kingdom","Confirmed","Purchase amount","","0.00","","0.00","","","","","5TN5124834966911F","v2_93ce840d-26e8-4e23-97e6-5e10d222a93f_2_4","100023313323096","1","","-1,684.69","12 Bellevue grove","","Edinburgh","Edinburgh (City Of)","EH7 4DD","United Kingdom","","Purchase amount","Order number: 11-10243-30478","GB","Debit"
"02/07/2023","13:17:26","PDT","eBay Commerce UK Ltd","General Authorisation","Completed","GBP","-11.20","0.00","-11.20","paypal@eh7.co.uk","0103-uk-ecuk-fbo-gbp@ebay.com","5TN5124834966911F","12 Bellevue grove, Edinburgh, Edinburgh (City Of), EH7 4DD, United Kingdom","Confirmed","Purchase amount","","0.00","","0.00","","","","","","9ad1f6bb-49c2-4b79-9815-3258e6b86898","100023313323096","1","","-1,684.69","12 Bellevue grove","","Edinburgh","Edinburgh (City Of)","EH7 4DD","United Kingdom","","Purchase amount","","GB","Memo"
"03/07/2023","04:20:07","PDT","SPIKED LTD","Subscription Payment","Completed","GBP","-5.00","0.00","-5.00","paypal@eh7.co.uk","worldpay@spiked-online.com","9E3172352F2737358","12 Bellevue Grove, Edinburgh, Edinburgh City, EH7 4DD, United Kingdom","Confirmed","Spiked Donation","","0.00","","0.00","","","","","I-4RDA7Y5756SD","","","1","","-1,689.69","12 Bellevue Grove","","Edinburgh","Edinburgh City","EH7 4DD","United Kingdom","","Spiked Donation","","GB","Debit"
"07/07/2023","09:53:40","PDT","GitHub, Inc.","Pre-approved Payment Bill User Payment","Completed","USD","-4.00","0.00","-4.00","paypal@eh7.co.uk","ar@github.com","0HM33858L4951824P","","Unconfirmed","","","0.00","","0.00","","","","","B-8EW55283LW127833P","P-46559096","","1","","-4.00","","","","","","","+44 1314665220","","","","Debit"
"07/07/2023","09:53:40","PDT","","General Currency Conversion","Completed","GBP","-3.29","0.00","-3.29","paypal@eh7.co.uk","","8YD555107K313421Y","","","","","0.00","","0.00","","","","","0HM33858L4951824P","P-46559096","","1","","-1,692.98","","","","","","","+44 1314665220","","","","Debit"
"07/07/2023","09:53:40","PDT","","General Currency Conversion","Completed","USD","4.00","0.00","4.00","","paypal@eh7.co.uk","2VK06126AC512132J","","","","","0.00","","0.00","","","","","0HM33858L4951824P","P-46559096","","1","","0.00","","","","","","","+44 1314665220","","","","Credit"
"09/07/2023","08:23:48","PDT","eBay Commerce UK Ltd","Express Checkout Payment","Completed","GBP","-3.29","0.00","-3.29","paypal@eh7.co.uk","0103-uk-ecuk-fbo-gbp@ebay.com","0YP39230U9102374R","12 Bellevue grove, Edinburgh, Edinburgh (City Of), EH7 4DD, United Kingdom","Confirmed","Purchase amount","","0.00","","0.00","","","","","20S07770YW477441S","v2_bff8029f-6825-4cea-b205-c5664e40a944_2_3","100023320115988","1","","-1,696.27","12 Bellevue grove","","Edinburgh","Edinburgh (City Of)","EH7 4DD","United Kingdom","","Purchase amount","Order number: 11-10268-99673","GB","Debit"
"09/07/2023","08:23:48","PDT","eBay Commerce UK Ltd","General Authorisation","Completed","GBP","-3.29","0.00","-3.29","paypal@eh7.co.uk","0103-uk-ecuk-fbo-gbp@ebay.com","20S07770YW477441S","12 Bellevue grove, Edinburgh, Edinburgh (City Of), EH7 4DD, United Kingdom","Confirmed","Purchase amount","","0.00","","0.00","","","","","","66063472-2711-4ead-afde-0d99f07dc0c9","100023320115988","1","","-1,696.27","12 Bellevue grove","","Edinburgh","Edinburgh (City Of)","EH7 4DD","United Kingdom","","Purchase amount","","GB","Memo"
"15/07/2023","16:52:58","PDT","eBay Commerce UK Ltd","Express Checkout Payment","Completed","GBP","-6.50","0.00","-6.50","paypal@eh7.co.uk","0103-uk-ecuk-fbo-gbp@ebay.com","63W75440D6447622C","12 Bellevue grove, Edinburgh, Edinburgh (City Of), EH7 4DD, United Kingdom","Confirmed","Purchase amount","","0.00","","0.00","","","","","60V09847FV917132U","v2_c1cf86ae-e7f2-4170-b340-91ad548a3905_2_0","100023362503624","1","","-1,702.77","12 Bellevue grove","","Edinburgh","Edinburgh (City Of)","EH7 4DD","United Kingdom","","Purchase amount","Order number: 12-10294-01439","GB","Debit"
"15/07/2023","16:52:58","PDT","eBay Commerce UK Ltd","General Authorisation","Completed","GBP","-6.50","0.00","-6.50","paypal@eh7.co.uk","0103-uk-ecuk-fbo-gbp@ebay.com","60V09847FV917132U","12 Bellevue grove, Edinburgh, Edinburgh (City Of), EH7 4DD, United Kingdom","Confirmed","Purchase amount","","0.00","","0.00","","","","","","47ca8400-5205-4a4a-b273-fc7610001f89","100023362503624","1","","-1,702.77","12 Bellevue grove","","Edinburgh","Edinburgh (City Of)","EH7 4DD","United Kingdom","","Purchase amount","","GB","Memo"
"27/07/2023","19:59:18","PDT","IONOS CLOUD LIMITED","Pre-approved Payment Bill User Payment","Completed","GBP","-19.20","0.00","-19.20","paypal@eh7.co.uk","paypal@1and1.co.uk","2KM702752X950664U","","Unconfirmed","K720343575/005519186144","","0.00","","0.00","","","","","B-8DW19327FR596253P","K720343575/005519186144","","1","","-1,721.97","","","","","","","+44 1314665220","K720343575/005519186144","","","Debit"
"01/08/2023","11:37:09","PDT","123-Reg Ltd","Pre-approved Payment Bill User Payment","Completed","GBP","-47.88","0.00","-47.88","paypal@eh7.co.uk","webfusion.finance@webfusion.com","838649170C542662C","","Unconfirmed","","","0.00","","0.00","","","","","B-23E11341TP013173B","","","1","","-1,769.85","","","","","","","","","","","Debit"
"03/08/2023","04:12:00","PDT","SPIKED LTD","Subscription Payment","Completed","GBP","-5.00","0.00","-5.00","paypal@eh7.co.uk","worldpay@spiked-online.com","2XK490158L561200Y","12 Bellevue Grove, Edinburgh, Edinburgh City, EH7 4DD, United Kingdom","Confirmed","Spiked Donation","","0.00","","0.00","","","","","I-4RDA7Y5756SD","","","1","","-1,774.85","12 Bellevue Grove","","Edinburgh","Edinburgh City","EH7 4DD","United Kingdom","","Spiked Donation","","GB","Debit"
"05/08/2023","17:32:21","PDT","eBay Commerce UK Ltd","Express Checkout Payment","Completed","GBP","-11.87","0.00","-11.87","paypal@eh7.co.uk","0103-uk-ecuk-fbo-gbp@ebay.com","1FV446343M665932T","12 Bellevue grove, Edinburgh, Edinburgh (City Of), EH7 4DD, United Kingdom","Confirmed","Purchase amount","","0.00","","0.00","","","","","29V68028J8427613D","v2_298a19e2-73f1-4ac6-8ba9-91986150ad80_2_13","100023491456985","1","","-1,786.72","12 Bellevue grove","","Edinburgh","Edinburgh (City Of)","EH7 4DD","United Kingdom","","Purchase amount","Order number: 06-10379-77225","GB","Debit"
"05/08/2023","17:32:21","PDT","eBay Commerce UK Ltd","General Authorisation","Completed","GBP","-11.87","0.00","-11.87","paypal@eh7.co.uk","0103-uk-ecuk-fbo-gbp@ebay.com","29V68028J8427613D","12 Bellevue grove, Edinburgh, Edinburgh (City Of), EH7 4DD, United Kingdom","Confirmed","Purchase amount","","0.00","","0.00","","","","","","5d1b1444-e8d8-4bee-adc8-77b3ce9963e9","100023491456985","1","","-1,786.72","12 Bellevue grove","","Edinburgh","Edinburgh (City Of)","EH7 4DD","United Kingdom","","Purchase amount","","GB","Memo"
"07/08/2023","09:25:16","PDT","GitHub, Inc.","Pre-approved Payment Bill User Payment","Completed","USD","-4.00","0.00","-4.00","paypal@eh7.co.uk","ar@github.com","3VY89535W1616733S","","Unconfirmed","","","0.00","","0.00","","","","","B-8EW55283LW127833P","P-47449740","","1","","-4.00","","","","","","","+44 1314665220","","","","Debit"
"07/08/2023","09:25:16","PDT","","General Currency Conversion","Completed","GBP","-3.29","0.00","-3.29","paypal@eh7.co.uk","","0NN54158GX784983G","","","","","0.00","","0.00","","","","","3VY89535W1616733S","P-47449740","","1","","-1,790.01","","","","","","","+44 1314665220","","","","Debit"
"07/08/2023","09:25:16","PDT","","General Currency Conversion","Completed","USD","4.00","0.00","4.00","","paypal@eh7.co.uk","6MA109175A637894J","","","","","0.00","","0.00","","","","","3VY89535W1616733S","P-47449740","","1","","0.00","","","","","","","+44 1314665220","","","","Credit"
"27/08/2023","20:46:28","PDT","IONOS CLOUD LIMITED","Pre-approved Payment Bill User Payment","Completed","GBP","-19.20","0.00","-19.20","paypal@eh7.co.uk","paypal@1and1.co.uk","4DE78787EU571524H","","Unconfirmed","K720343575/005970887723","","0.00","","0.00","","","","","B-8DW19327FR596253P","K720343575/005970887723","","1","","-1,809.21","","","","","","","+44 1314665220","K720343575/005970887723","","","Debit"
"31/08/2023","07:52:39","PDT","eBay Commerce UK Ltd","Express Checkout Payment","Completed","GBP","-31.00","0.00","-31.00","paypal@eh7.co.uk","0103-uk-ecuk-fbo-gbp@ebay.com","5P514900G51600310","12 Bellevue grove, Edinburgh, Edinburgh (City Of), EH7 4DD, United Kingdom","Confirmed","Purchase amount","","0.00","","0.00","","","","","4FH176215S240323W","v2_0f4c3b52-ffd2-4668-8f32-2dbd41e94289_2_16","100023654243726","1","","-1,840.21","12 Bellevue grove","","Edinburgh","Edinburgh (City Of)","EH7 4DD","United Kingdom","","Purchase amount","Order number: 14-10479-67270","GB","Debit"
"31/08/2023","07:52:39","PDT","eBay Commerce UK Ltd","General Authorisation","Completed","GBP","-31.00","0.00","-31.00","paypal@eh7.co.uk","0103-uk-ecuk-fbo-gbp@ebay.com","4FH176215S240323W","12 Bellevue grove, Edinburgh, Edinburgh (City Of), EH7 4DD, United Kingdom","Confirmed","Purchase amount","","0.00","","0.00","","","","","","fd475b60-77f5-4dbb-8b0f-b3a72cca86ff","100023654243726","1","","-1,840.21","12 Bellevue grove","","Edinburgh","Edinburgh (City Of)","EH7 4DD","United Kingdom","","Purchase amount","","GB","Memo"
