Date,Type,Description,Paid Out,Paid In,Balance
18 Aug 2022,DD,"EDF ENERGY",21.00,,
18 Aug 2022,DD,"EDF ENERGY",75.00,,47238.74
24 Aug 2022,DD,"EVERFLOW LIMITED",45.87,,
24 Aug 2022,DD,"SPITFIRE",286.58,,46906.29
26 Aug 2022,DD,"JPMC RE PAYPAL",7.5,,46898.79
01 Sep 2022,DD,"JPMC RE PAYPAL",19.2,,
01 Sep 2022,DD,"JPMC RE PAYPAL",47.88,,46831.71
05 Sep 2022,DD,"PAYPAL PAYMENT",243.58,,46588.13
06 Sep 2022,CR,"CHALFONT INVESTMEN",,6000.00,52588.13
07 Sep 2022,DD,"PAYPAL PAYMENT",5.00,,
07 Sep 2022,DD,"PAYPAL PAYMENT",17.37,,
07 Sep 2022,DR,"TOTAL CHARGES TO 16AUG2022",8.00,,52557.76
08 Sep 2022,DD,"PAYPAL PAYMENT",10.69,,52547.07
12 Sep 2022,DD,"PAYPAL PAYMENT",3.63,,
12 Sep 2022,BP,"LHP Invoice CXH00734",1650.00,,
12 Sep 2022,CR,"RALSTON D JUN10 SERVICE",,40.00,50933.44