Date,Type,Description,Paid Out,Paid In,Balance
18 Oct 2022,DD,"COMMERCIAL CARD",372.27,,
18 Oct 2022,DD,"EDF ENERGY",21.00,,
18 Oct 2022,DD,"EDF ENERGY",75.00,,50373.21
24 Oct 2022,DD,"EVERFLOW LIMITED",45.87,,50327.34
25 Oct 2022,DD,"SPITFIRE",287.06,,50040.28
01 Nov 2022,DD,"PAYPAL PAYMENT",19.2,,
01 Nov 2022,DD,"PAYPAL PAYMENT",47.88,,49973.2
07 Nov 2022,DD,"PAYPAL PAYMENT",5.00,,
07 Nov 2022,DR,"TOTAL CHARGES TO 16OCT2022",8.00,,49960.2
09 Nov 2022,DD,"PAYPAL PAYMENT",13.8,,
09 Nov 2022,DD,"PAYPAL PAYMENT",15.34,,49931.06
10 Nov 2022,DD,"PAYPAL PAYMENT",3.69,,49927.37
16 Nov 2022,DD,"PAYPAL PAYMENT",4.45,,
16 Nov 2022,DD,"EDF ENERGY",21.00,,
16 Nov 2022,DD,"EDF ENERGY",75.00,,49826.92
17 Nov 2022,DD,"COMMERCIAL CARD",117.1,,49709.82