Date,Type,Description,Paid Out,Paid In,Balance
20 Sep 2022,DD,"COMMERCIAL CARD",150.08,,
20 Sep 2022,DD,"EDF ENERGY",21.00,,
20 Sep 2022,DD,"EDF ENERGY",75.00,,50687.36
26 Sep 2022,DD,"SPITFIRE",286.52,,50400.84
27 Sep 2022,DD,"EVERFLOW LIMITED",47.4,,50353.44
30 Sep 2022,DD,"PAYPAL PAYMENT",19.2,,
30 Sep 2022,DD,"PAYPAL PAYMENT",47.88,,50286.36
05 Oct 2022,DD,"PAYPAL PAYMENT",5.00,,50281.36
07 Oct 2022,CR,"HMRC VAT",,580.36,50861.72
08 Oct 2022,DR,"TOTAL CHARGES TO 16SEP2022",8.00,,50853.72
12 Oct 2022,DD,"PAYPAL PAYMENT",3.75,,50849.97
13 Oct 2022,DD,"PAYPAL PAYMENT",8.49,,50841.48