Date,Type,Description,Paid Out,Paid In,Balance
24 Nov 2022,DD,"EVERFLOW LIMITED",47.4,,
24 Nov 2022,DD,"SPITFIRE",286.74,,49375.68
30 Nov 2022,DD,"SPITFIRE",889.2,,
30 Nov 2022,DD,"PAYPAL PAYMENT",19.2,,
30 Nov 2022,DD,"PAYPAL PAYMENT",47.88,,48419.4
07 Dec 2022,DD,"PAYPAL PAYMENT",5.00,,
07 Dec 2022,CR,"WILSON KS KWILSON",,50.00,48464.4
08 Dec 2022,DR,"TOTAL CHARGES TO 16NOV2022",8.00,,48456.4
12 Dec 2022,DD,"PAYPAL PAYMENT",3.44,,48452.96
15 Dec 2022,DD,"EDF ENERGY",21.00,,
15 Dec 2022,DD,"EDF ENERGY",75.00,,48356.96
16 Dec 2022,DD,"COMMERCIAL CARD",498.35,,
16 Dec 2022,DD,"PAYPAL PAYMENT",2.47,,
16 Dec 2022,CR,"ANNIE STEINGOLD annie- snowboard",,25.00,47881.14