Date,Type,Description,Paid Out,Paid In,Balance
18 Jul 2023,DD,"COMMERCIAL CARD",115.95,,43001.01
19 Jul 2023,DD,"PAYPAL PAYMENT",6.5,,
19 Jul 2023,DD,"EDF ENERGY",18.00,,
19 Jul 2023,DD,"EDF ENERGY",75.00,,42901.51
24 Jul 2023,DD,"EVERFLOW LIMITED",48.99,,42852.52
25 Jul 2023,DD,"SPITFIRE",358.28,,42494.24
01 Aug 2023,DD,"PAYPAL PAYMENT",19.2,,42475.04
04 Aug 2023,DD,"PAYPAL PAYMENT",47.88,,42427.16
07 Aug 2023,DR,"TOTAL CHARGES TO 16JUL2023",8.00,,42419.16
08 Aug 2023,DD,"PAYPAL PAYMENT",5.00,,42414.16
09 Aug 2023,DD,"PAYPAL PAYMENT",11.87,,42402.29
10 Aug 2023,DD,"PAYPAL PAYMENT",3.29,,42399
17 Aug 2023,DD,"EDF ENERGY",18.00,,
17 Aug 2023,DD,"EDF ENERGY",75.00,,42306