Date,Type,Description,Paid Out,Paid In,Balance
21 Aug 2023,DD,"COMMERCIAL CARD",209.5,,42096.5
24 Aug 2023,DD,"EVERFLOW LIMITED",74.76,,
24 Aug 2023,DD,"SPITFIRE",358.27,,41663.47
25 Aug 2023,BP,"LHP Invoice 54709",1800.00,,39863.47
31 Aug 2023,DD,"PAYPAL PAYMENT",19.2,,39844.27
05 Sep 2023,DD,"PAYPAL PAYMENT",31.00,,39813.27
06 Sep 2023,DD,"PAYPAL PAYMENT",5.00,,39808.27
07 Sep 2023,DR,"TOTAL CHARGES TO 16AUG2023",8.00,,39800.27
11 Sep 2023,DD,"PAYPAL PAYMENT",17.89,,
11 Sep 2023,DD,"PAYPAL PAYMENT",59.28,,39723.1
12 Sep 2023,DD,"PAYPAL PAYMENT",3.34,,39719.76
15 Sep 2023,DD,"PAYPAL PAYMENT",8.89,,39710.87