Date,Type,Description,Paid Out,Paid In,Balance
21 Feb 2023,CR,"SCARFE TJ TARA SCARFE",,35.00,
21 Feb 2023,CR,"Gavin Will Gavin Will",,30.00,46786.67
22 Feb 2023,DD,"SPITFIRE",545.54,,
22 Feb 2023,CR,"ABBOTT T D SERVICE",,40.00,46281.13
24 Feb 2023,DD,"EVERFLOW LIMITED",47.4,,
24 Feb 2023,CR,"EIREANN ALLEN snowboard",,30.00,46263.73
27 Feb 2023,DD,"PAYPAL PAYMENT",14.99,,46248.74
28 Feb 2023,CR,"ANDERSON J & A JOHN ANDERSON",,60.00,46308.74
01 Mar 2023,DD,"PAYPAL PAYMENT",8.2,,
01 Mar 2023,DD,"PAYPAL PAYMENT",47.88,,
01 Mar 2023,CR,"James Stone Jamie Stone - SB",,30.00,46282.66
02 Mar 2023,DD,"PAYPAL PAYMENT",19.2,,46263.46
06 Mar 2023,DD,"PAYPAL PAYMENT",3.75,,46259.71
07 Mar 2023,DD,"PAYPAL PAYMENT",5.00,,46254.71
10 Mar 2023,DD,"PAYPAL PAYMENT",3.52,,
10 Mar 2023,DR,"TOTAL CHARGES TO 16FEB2023",8.00,,46243.19
11 Mar 2023,CR,"OMEROU E BOARD FULL SERVICE",,30.00,46273.19
13 Mar 2023,CR,"JAVEL A SKI SERVICE",,25.00,46298.19
17 Mar 2023,DD,"EDF ENERGY",45.8,,
17 Mar 2023,CR,"Kristian Kebby Kebby",,15.00,46267.39