Date,Type,Description,Paid Out,Paid In,Balance
18 May 2023,DD,"COMMERCIAL CARD",311.89,,44322.54
19 May 2023,CR,"Benjamin Cadmore Snowboards",,60.00,44382.54
23 May 2023,DD,"PAYPAL PAYMENT",7.00,,
23 May 2023,DD,"EDF ENERGY",23.73,,
23 May 2023,DD,"EDF ENERGY",87.7,,44264.11
24 May 2023,DD,"EVERFLOW LIMITED",47.41,,
24 May 2023,DD,"SPITFIRE",358.28,,43858.42
31 May 2023,DD,"PAYPAL PAYMENT",78.37,,43780.05
01 Jun 2023,DD,"PAYPAL PAYMENT",19.2,,
01 Jun 2023,DD,"PAYPAL PAYMENT",47.88,,43712.97
02 Jun 2023,DD,"PAYPAL PAYMENT",16.99,,43695.98
06 Jun 2023,DD,"PAYPAL PAYMENT",6.34,,43689.64
07 Jun 2023,DD,"PAYPAL PAYMENT",5.00,,
07 Jun 2023,DR,"TOTAL CHARGES TO 16MAY2023",8.00,,43676.64
08 Jun 2023,DD,"PAYPAL PAYMENT",3.49,,43673.15
12 Jun 2023,DD,"PAYPAL PAYMENT",3.36,,43669.79
15 Jun 2023,DD,"PAYPAL PAYMENT",37.89,,43631.9