Date,Type,Description,Paid Out,Paid In,Balance
19 Apr 2023,DD,"EDF ENERGY",20.42,,
19 Apr 2023,DD,"EDF ENERGY",75.00,,45457.48
24 Apr 2023,DD,"EVERFLOW LIMITED",51.49,,
24 Apr 2023,DD,"SPITFIRE",358.73,,45047.26
02 May 2023,DD,"PAYPAL PAYMENT",4.95,,
02 May 2023,DD,"PAYPAL PAYMENT",47.88,,44994.43
03 May 2023,DD,"PAYPAL PAYMENT",19.2,,44975.23
05 May 2023,DD,"PAYPAL PAYMENT",5.00,,44970.23
08 May 2023,DR,"TOTAL CHARGES TO 16APR2023",8.00,,44962.23
11 May 2023,DD,"PAYPAL PAYMENT",3.32,,44958.91
15 May 2023,DD,"NATIONAL FEDRATIO",147.00,,44811.91
16 May 2023,DD,"PAYPAL PAYMENT",161.69,,44650.22
17 May 2023,DD,"PAYPAL PAYMENT",2.29,,
17 May 2023,DD,"PAYPAL PAYMENT",13.5,,44634.43