Date,Type,Description,Paid Out,Paid In,Balance
19 Jun 2023,DD,"COMMERCIAL CARD",142.19,,43489.71
20 Jun 2023,DD,"EDF ENERGY",18.00,,43471.71
23 Jun 2023,DD,"EDF ENERGY",75.00,,43396.71
26 Jun 2023,DD,"EVERFLOW LIMITED FIRST PAYMENT",48.99,,
26 Jun 2023,DD,"SPITFIRE",358.58,,
26 Jun 2023,BP,"PERTH&KINROSS CTAX 591001685402023",168.27,,42820.87
28 Jun 2023,CR,"HMRC VAT",,393.95,43214.82
29 Jun 2023,DD,"PAYPAL PAYMENT",47.88,,43166.94
30 Jun 2023,DD,"PAYPAL PAYMENT",19.2,,43147.74
05 Jul 2023,DD,"PAYPAL PAYMENT",5.00,,
05 Jul 2023,DD,"PAYPAL PAYMENT",11.2,,43131.54
08 Jul 2023,DR,"TOTAL CHARGES TO 16JUN2023",8.00,,43123.54
12 Jul 2023,DD,"PAYPAL PAYMENT",3.29,,
12 Jul 2023,DD,"PAYPAL PAYMENT",3.29,,43116.96