Date,Type,Description,Paid Out,Paid In,Balance
20 Mar 2023,DD,"COMMERCIAL CARD",47.57,,
20 Mar 2023,DD,"PAYPAL PAYMENT",2.63,,46217.19
24 Mar 2023,DD,"EVERFLOW LIMITED",45.75,,46171.44
27 Mar 2023,DD,"SPITFIRE",545.52,,45625.92
29 Mar 2023,DD,"PAYPAL PAYMENT",39.25,,45586.67
30 Mar 2023,DD,"PAYPAL PAYMENT",19.2,,
30 Mar 2023,DD,"PAYPAL PAYMENT",47.88,,45519.59
04 Apr 2023,CR,"HMRC VAT",,307.12,45826.71
05 Apr 2023,DD,"PAYPAL PAYMENT",5.00,,45821.71
06 Apr 2023,CR,"ALEXANDER DAVID RE SKIS",,60.00,45881.71
07 Apr 2023,DR,"TOTAL CHARGES TO 16MAR2023",8.00,,45873.71
11 Apr 2023,DD,"PAYPAL PAYMENT",12.41,,45861.3
12 Apr 2023,DD,"PAYPAL PAYMENT",12.00,,45849.3
13 Apr 2023,DD,"PAYPAL PAYMENT",3.36,,45845.94
17 Apr 2023,DD,"COMMERCIAL CARD",305.04,,
17 Apr 2023,CR,"PAYPAL PPWDL59AJ22252R6DW",,12.00,45552.9