Date,Type,Description,Paid Out,Paid In,Balance
19 Dec 2022,DD,"PAYPAL PAYMENT",5.75,,47875.39
22 Dec 2022,DD,"SPITFIRE",873.56,,
22 Dec 2022,CR,"YOUNG HR SNOW BOARD REPAIR",,50.00,47051.83
23 Dec 2022,CR,"Kristian Kebby Kebby",,20.00,47071.83
28 Dec 2022,DD,"EVERFLOW LIMITED",47.4,,47024.43
29 Dec 2022,DD,"PAYPAL PAYMENT",7.64,,
29 Dec 2022,DD,"PAYPAL PAYMENT",63.97,,46952.82
30 Dec 2022,DD,"PAYPAL PAYMENT",19.2,,
30 Dec 2022,DD,"PAYPAL PAYMENT",47.88,,46885.74
03 Jan 2023,BP,"SHANG J Fee",,30.00,46915.74
05 Jan 2023,DD,"PAYPAL PAYMENT",5.00,,46910.74
06 Jan 2023,CR,"J Grace Joe grace",,40.00,46950.74
07 Jan 2023,DR,"TOTAL CHARGES TO 16DEC2022",8.00,,46942.74
09 Jan 2023,CR,"HMRC VAT",,497.46,47440.2
11 Jan 2023,DD,"PAYPAL PAYMENT",3.52,,47436.68
12 Jan 2023,DD,"PAYPAL PAYMENT",3.99,,
12 Jan 2023,CR,"BRADFORD L & A /RG A BRADFORD",,40.00,
12 Jan 2023,CR,"ONEILL GRAHAM/CA / GRAHAM BURTON SB",,30.00,47502.69
13 Jan 2023,DD,"PAYPAL PAYMENT",16.52,,47486.17
16 Jan 2023,DD,"PAYPAL PAYMENT",6.59,,47479.58