Date,Type,Description,Paid Out,Paid In,Balance
18 Jan 2023,DD,"COMMERCIAL CARD",167.51,,47312.07
19 Jan 2023,DD,"PAYPAL PAYMENT",28.96,,47283.11
20 Jan 2023,CR,"F Houston Fiona ski service",,20.00,47303.11
24 Jan 2023,DD,"EVERFLOW LIMITED",42.82,,47260.29
25 Jan 2023,DD,"SPITFIRE",375.04,,46885.25
26 Jan 2023,DD,"PAYPAL PAYMENT",5.94,,46879.31
31 Jan 2023,DD,"PAYPAL PAYMENT",47.88,,
31 Jan 2023,DD,"EDF ENERGY",21.00,,
31 Jan 2023,DD,"EDF ENERGY",75.00,,
31 Jan 2023,CR,"A Semmler Adrian Semmler",,25.00,46760.43
02 Feb 2023,DD,"PAYPAL PAYMENT",12.46,,46747.97
03 Feb 2023,CR,"LOCKWOOD DANIEL DANIEL LOCKWOOD",,30.00,46777.97
07 Feb 2023,DD,"PAYPAL PAYMENT",5.00,,
07 Feb 2023,DR,"TOTAL CHARGES TO 16JAN2023",8.00,,46764.97
08 Feb 2023,DD,"PAYPAL PAYMENT",5.89,,
08 Feb 2023,DD,"PAYPAL PAYMENT",19.2,,
08 Feb 2023,CR,"J Broadley",,60.00,
08 Feb 2023,BP,"STEWART M Mark Ski And Snow",,65.00,46864.88
09 Feb 2023,CR,"PEARCE MISS K/CA KATHRYN PEARCE",,60.00,
09 Feb 2023,BP,"MCLEAN F Board wax",,25.00,46949.88
10 Feb 2023,DD,"PAYPAL PAYMENT",3.47,,46946.41
14 Feb 2023,DD,"PAYPAL PAYMENT",29.99,,46916.42
15 Feb 2023,DD,"COMMERCIAL CARD",119.75,,46796.67
16 Feb 2023,DD,"EDF ENERGY",75.00,,46721.67